glob_id,external_id,similarity_score,method,overlap
GLOB2_1671,GLOB_GAVOC_00001,100.0,1,False
GLOB_474,GLOB_GAVOC_00013,100.0,1,False
GLOB_872,GLOB_GAVOC_00020,100.0,1,False
GLOB_872_HUM_1,GLOB_GAVOC_00020,100.0,1,False
GLOB_872_HUM_2,GLOB_GAVOC_00020,100.0,1,False
GLOB_505,GLOB_GAVOC_00026,100.0,1,False
GLOB_505_GEO_1,GLOB_GAVOC_00026,88.88888888888889,1,False
GLOB_505_HUM_1,GLOB_GAVOC_00026,88.88888888888889,1,False
GLOB_505_HUM_2,GLOB_GAVOC_00026,100.0,1,False
GLOB_846,GLOB_GAVOC_00031,100.0,1,False
GLOB_857,GLOB_GAVOC_00032,100.0,1,False
GLOB_588,GLOB_GAVOC_00034,100.0,1,False
GLOB_853,GLOB_GAVOC_00037,100.0,1,False
GLOB_3,GLOB_GAVOC_00040,96.0,1,False
GLOB_119,GLOB_GAVOC_00058,83.33333333333334,1,False
GLOB_516,GLOB_GAVOC_00058,100.0,1,False
GLOB_849,GLOB_GAVOC_00082,100.0,1,False
GLOB_849,GLOB_GAVOC_00083,100.0,1,False
GLOB_BN_21,GLOB_GAVOC_00096,100.0,1,False
GLOB_151,GLOB_GAVOC_00104,100.0,1,False
GLOB_514,GLOB_GAVOC_00105,100.0,1,False
GLOB_508,GLOB_GAVOC_00107,100.0,1,False
GLOB_508,GLOB_GAVOC_00108,93.33333333333333,1,False
GLOB_NB_138,GLOB_GAVOC_00111,100.0,1,False
GLOB2_E_26,GLOB_GAVOC_00116,100.0,1,False
GLOB_894,GLOB_GAVOC_00128,100.0,1,False
GLOB_NB_131,GLOB_GAVOC_00128,94.73684210526316,1,False
GLOB2_1447,GLOB_GAVOC_00130,100.0,1,False
GLOB_RT_213,GLOB_GAVOC_00133,82.35294117647058,1,False
GLOB_RT_183,GLOB_GAVOC_00141,100.0,1,True
GLOB_NB_131,GLOB_GAVOC_00145,94.73684210526316,1,False
GLOB2_1739,GLOB_GAVOC_00156,100.0,1,False
GLOB2_1500,GLOB_GAVOC_00168,100.0,1,False
GLOB_876,GLOB_GAVOC_00177,88.88888888888889,1,False
GLOB_876_HUM_1,GLOB_GAVOC_00177,88.88888888888889,1,False
GLOB_876_HUM_2,GLOB_GAVOC_00177,88.88888888888889,1,False
GLOB_249,GLOB_GAVOC_00189,100.0,1,False
GLOB_518,GLOB_GAVOC_00197,100.0,1,False
GLOB_751,GLOB_GAVOC_00199,100.0,1,False
GLOB2_1899,GLOB_GAVOC_00202,100.0,1,False
GLOB_79,GLOB_GAVOC_00205,100.0,1,False
GLOB_754,GLOB_GAVOC_00219,100.0,1,False
GLOB2_1428,GLOB_GAVOC_00223,100.0,1,True
GLOB2_E_16,GLOB_GAVOC_00227,100.0,1,False
GLOB_129,GLOB_GAVOC_00227,100.0,1,False
GLOB2_E_16,GLOB_GAVOC_00228,100.0,1,False
GLOB_129,GLOB_GAVOC_00228,100.0,1,False
GLOB2_E_16,GLOB_GAVOC_00230,100.0,1,False
GLOB_129,GLOB_GAVOC_00230,100.0,1,False
GLOB_RT_9,GLOB_GAVOC_00259,100.0,1,False
GLOB_608,GLOB_GAVOC_00260,100.0,1,False
GLOB_RT_9,GLOB_GAVOC_00260,100.0,1,False
GLOB_608,GLOB_GAVOC_00261,100.0,1,False
GLOB_RT_9,GLOB_GAVOC_00262,100.0,1,False
GLOB_177,GLOB_GAVOC_00267,100.0,1,False
GLOB2_1553,GLOB_GAVOC_00274,90.9090909090909,1,False
GLOB_RT_177,GLOB_GAVOC_00274,100.0,1,True
GLOB_404,GLOB_GAVOC_00277,100.0,1,False
GLOB_NB_47,GLOB_GAVOC_00303,82.35294117647058,1,True
GLOB_873,GLOB_GAVOC_00329,100.0,1,False
GLOB2_1442,GLOB_GAVOC_00347,100.0,1,False
GLOB_504,GLOB_GAVOC_00351,100.0,1,False
GLOB2_1385,GLOB_GAVOC_00352,100.0,1,False
GLOB2_1416,GLOB_GAVOC_00392,100.0,1,True
GLOB_PY_55,GLOB_GAVOC_00399,94.73684210526316,1,False
GLOB_863,GLOB_GAVOC_00402,95.65217391304348,1,False
GLOB2_938,GLOB_GAVOC_00426,100.0,1,False
GLOB2_938_HUM_1,GLOB_GAVOC_00426,100.0,1,False
GLOB2_938_HUM_2,GLOB_GAVOC_00426,100.0,1,False
GLOB2_1548,GLOB_GAVOC_00433,94.11764705882352,1,False
GLOB_RT_128,GLOB_GAVOC_00436,100.0,1,False
GLOB_111,GLOB_GAVOC_00448,82.35294117647058,1,False
GLOB_NB_48,GLOB_GAVOC_00448,100.0,1,False
GLOB2_1605,GLOB_GAVOC_00452,100.0,1,False
GLOB_NB_138,GLOB_GAVOC_00455,100.0,1,False
GLOB_507,GLOB_GAVOC_00456,100.0,1,False
GLOB_507,GLOB_GAVOC_00460,100.0,1,False
GLOB2_905,GLOB_GAVOC_00463,83.33333333333334,1,False
GLOB_E_53,GLOB_GAVOC_00463,83.33333333333334,1,False
GLOB2_1606,GLOB_GAVOC_00465,85.71428571428572,1,False
GLOB_RT_128,GLOB_GAVOC_00473,100.0,1,False
GLOB_8,GLOB_GAVOC_00474,100.0,1,False
GLOB_8,GLOB_GAVOC_00475,100.0,1,False
GLOB_79,GLOB_GAVOC_00477,100.0,1,False
GLOB_512,GLOB_GAVOC_00506,100.0,1,False
GLOB_120,GLOB_GAVOC_00522,100.0,1,False
GLOB_581,GLOB_GAVOC_00546,100.0,1,False
GLOB2_E_84,GLOB_GAVOC_00549,85.71428571428572,1,True
GLOB2_E_87,GLOB_GAVOC_00549,90.0,1,True
GLOB2_1482,GLOB_GAVOC_00552,100.0,1,True
GLOB_PY_24,GLOB_GAVOC_00558,100.0,1,False
GLOB_790,GLOB_GAVOC_00560,100.0,1,False
GLOB_443,GLOB_GAVOC_00561,87.5,1,False
GLOB_526,GLOB_GAVOC_00562,92.3076923076923,1,False
GLOB2_1127,GLOB_GAVOC_00572,100.0,1,True
GLOB_526,GLOB_GAVOC_00577,92.3076923076923,1,False
GLOB2_1817,GLOB_GAVOC_00581,84.61538461538461,1,False
GLOB_28,GLOB_GAVOC_00588,85.71428571428572,1,False
GLOB2_1278,GLOB_GAVOC_00603,100.0,1,False
GLOB_RT_219,GLOB_GAVOC_00611,100.0,1,False
GLOB_580,GLOB_GAVOC_00616,100.0,1,False
NR_87,GLOB_GAVOC_00620,100.0,1,False
GLOB_908,GLOB_GAVOC_00621,100.0,1,False
GLOB_908,GLOB_GAVOC_00622,100.0,1,False
GLOB_10,GLOB_GAVOC_00623,100.0,1,False
GLOB_10,GLOB_GAVOC_00625,100.0,1,True
GLOB2_1045,GLOB_GAVOC_00640,100.0,1,False
GLOB2_1611,GLOB_GAVOC_00642,100.0,1,False
GLOB2_1722,GLOB_GAVOC_00649,100.0,1,False
GLOB2_1722,GLOB_GAVOC_00650,100.0,1,False
GLOB_176,GLOB_GAVOC_00662,100.0,1,False
GLOB_RT_214,GLOB_GAVOC_00667,100.0,1,False
GLOB2_1355,GLOB_GAVOC_00681,100.0,1,False
GLOB_NB_205,GLOB_GAVOC_00684,100.0,1,False
GLOB2_925,GLOB_GAVOC_00685,100.0,1,True
GLOB2_1426,GLOB_GAVOC_00688,100.0,1,False
GLOB_NB_79,GLOB_GAVOC_00730,100.0,1,False
GLOB_11,GLOB_GAVOC_00732,100.0,1,False
GLOB2_1098,GLOB_GAVOC_00736,100.0,1,False
GLOB2_1652,GLOB_GAVOC_00736,100.0,1,False
GLOB_748,GLOB_GAVOC_00741,100.0,1,False
GLOB2_1515,GLOB_GAVOC_00747,100.0,1,True
GLOB2_E_17,GLOB_GAVOC_00747,100.0,1,False
GLOB2_E_3,GLOB_GAVOC_00747,100.0,1,False
GLOB2_E_17,GLOB_GAVOC_00751,100.0,1,False
GLOB2_E_3,GLOB_GAVOC_00751,100.0,1,False
GLOB2_E_253,GLOB_GAVOC_00768,100.0,1,False
GLOB2_E_253,GLOB_GAVOC_00769,100.0,1,False
GLOB_582,GLOB_GAVOC_00771,100.0,1,False
GLOB_115,GLOB_GAVOC_00775,100.0,1,False
GLOB2_1894,GLOB_GAVOC_00781,100.0,1,False
GLOB2_1894_HUM_1,GLOB_GAVOC_00781,100.0,1,False
GLOB_RT_246,GLOB_GAVOC_00796,86.95652173913044,1,False
GLOB2_1195,GLOB_GAVOC_00798,100.0,1,False
GLOB2_899,GLOB_GAVOC_00815,100.0,1,False
GLOB2_899,GLOB_GAVOC_00821,100.0,1,False
GLOB2_899,GLOB_GAVOC_00822,100.0,1,False
GLOB_RT_119,GLOB_GAVOC_00829,100.0,1,False
GLOB_RT_92,GLOB_GAVOC_00836,100.0,1,True
GLOB2_1429,GLOB_GAVOC_00839,100.0,1,False
GLOB2_1206,GLOB_GAVOC_00845,100.0,1,False
GLOB2_1206_GEO_1,GLOB_GAVOC_00845,100.0,1,False
GLOB_586,GLOB_GAVOC_00858,100.0,1,False
GLOB_343,GLOB_GAVOC_00866,100.0,1,False
GLOB2_1797,GLOB_GAVOC_00867,86.66666666666667,1,False
GLOB2_923,GLOB_GAVOC_00870,100.0,1,False
GLOB2_923,GLOB_GAVOC_00873,100.0,1,False
GLOB2_1206_GEO_1,GLOB_GAVOC_00875,83.33333333333334,1,False
NR_218,GLOB_GAVOC_00875,100.0,1,False
NR_218_HUM_1,GLOB_GAVOC_00875,84.21052631578947,1,False
GLOB_724,GLOB_GAVOC_00893,100.0,1,False
GLOB_12,GLOB_GAVOC_00899,100.0,1,False
GLOB_729,GLOB_GAVOC_00905,100.0,1,False
GLOB_NB_182,GLOB_GAVOC_00906,100.0,1,False
NR_251,GLOB_GAVOC_00906,100.0,1,False
NR_251_HUM_1,GLOB_GAVOC_00906,100.0,1,False
GLOB_793,GLOB_GAVOC_00907,100.0,1,False
GLOB_793_HUM_1,GLOB_GAVOC_00907,100.0,1,False
GLOB_793_HUM_2,GLOB_GAVOC_00907,100.0,1,False
GLOB_793_HUM_3,GLOB_GAVOC_00907,100.0,1,False
GLOB_793,GLOB_GAVOC_00908,100.0,1,False
GLOB_793_HUM_1,GLOB_GAVOC_00908,100.0,1,False
GLOB_793_HUM_2,GLOB_GAVOC_00908,100.0,1,False
GLOB_793_HUM_3,GLOB_GAVOC_00908,100.0,1,False
GLOB_793,GLOB_GAVOC_00914,100.0,1,False
GLOB_793_HUM_1,GLOB_GAVOC_00914,100.0,1,False
GLOB_793_HUM_2,GLOB_GAVOC_00914,100.0,1,False
GLOB_793_HUM_3,GLOB_GAVOC_00914,100.0,1,False
GLOB_793,GLOB_GAVOC_00916,94.11764705882352,1,False
GLOB_793_HUM_1,GLOB_GAVOC_00916,94.11764705882352,1,False
GLOB_793_HUM_2,GLOB_GAVOC_00916,94.11764705882352,1,False
GLOB_793_HUM_3,GLOB_GAVOC_00916,94.11764705882352,1,False
GLOB_127,GLOB_GAVOC_00920,94.73684210526316,1,False
GLOB_13,GLOB_GAVOC_00922,100.0,1,False
GLOB2_1278,GLOB_GAVOC_00933,100.0,1,False
GLOB_296,GLOB_GAVOC_00937,100.0,1,False
GLOB2_894,GLOB_GAVOC_00939,100.0,1,False
GLOB_535,GLOB_GAVOC_00939,85.71428571428572,1,False
GLOB_14,GLOB_GAVOC_00953,100.0,1,False
GLOB_14,GLOB_GAVOC_00956,100.0,1,False
GLOB2_1656,GLOB_GAVOC_00961,84.21052631578947,1,True
GLOB_223,GLOB_GAVOC_00964,92.3076923076923,1,False
GLOB2_1881,GLOB_GAVOC_00992,100.0,1,False
GLOB2_998,GLOB_GAVOC_00996,85.71428571428572,1,False
GLOB2_1063,GLOB_GAVOC_01014,100.0,1,False
GLOB2_1429,GLOB_GAVOC_01021,100.0,1,False
GLOB_357,GLOB_GAVOC_01022,82.35294117647058,1,False
GLOB_357_HUM_1,GLOB_GAVOC_01022,82.35294117647058,1,False
GLOB_357_HUM_2,GLOB_GAVOC_01022,82.35294117647058,1,False
GLOB2_1201,GLOB_GAVOC_01045,92.3076923076923,1,False
GLOB_77,GLOB_GAVOC_01045,100.0,1,False
GLOB_503,GLOB_GAVOC_01047,100.0,1,False
GLOB_503,GLOB_GAVOC_01054,100.0,1,False
GLOB_908,GLOB_GAVOC_01058,83.33333333333334,1,False
GLOB_E_46,GLOB_GAVOC_01058,92.3076923076923,1,False
GLOB_908,GLOB_GAVOC_01060,83.33333333333334,1,False
GLOB_E_46,GLOB_GAVOC_01060,100.0,1,False
GLOB_552,GLOB_GAVOC_01075,100.0,1,False
GLOB_693,GLOB_GAVOC_01075,100.0,1,False
GLOB_876,GLOB_GAVOC_01078,100.0,1,False
GLOB_876_HUM_1,GLOB_GAVOC_01078,100.0,1,False
GLOB_876_HUM_2,GLOB_GAVOC_01078,100.0,1,False
GLOB_593,GLOB_GAVOC_01095,100.0,1,False
GLOB2_907,GLOB_GAVOC_01126,100.0,1,False
GLOB_502,GLOB_GAVOC_01143,100.0,1,False
GLOB_18,GLOB_GAVOC_01147,100.0,1,False
GLOB_165,GLOB_GAVOC_01148,94.11764705882352,1,False
GLOB2_907,GLOB_GAVOC_01149,100.0,1,False
GLOB_19,GLOB_GAVOC_01152,100.0,1,False
GLOB2_E_34,GLOB_GAVOC_01160,100.0,1,True
GLOB_RT_200,GLOB_GAVOC_01177,100.0,1,True
GLOB_RT_34,GLOB_GAVOC_01185,100.0,1,False
GLOB_479,GLOB_GAVOC_01192,100.0,1,False
GLOB_839,GLOB_GAVOC_01192,88.88888888888889,1,False
GLOB2_1429,GLOB_GAVOC_01207,100.0,1,False
GLOB_640,GLOB_GAVOC_01208,83.33333333333334,1,False
GLOB_RT_166,GLOB_GAVOC_01273,83.33333333333334,1,False
GLOB2_1901,GLOB_GAVOC_01274,88.88888888888889,1,False
GLOB2_1577,GLOB_GAVOC_01298,86.95652173913044,1,False
GLOB2_914,GLOB_GAVOC_01298,100.0,1,False
GLOB2_E_240,GLOB_GAVOC_01298,100.0,1,False
GLOB_483,GLOB_GAVOC_01300,90.0,1,False
GLOB_RT_149,GLOB_GAVOC_01314,90.9090909090909,1,True
GLOB_21,GLOB_GAVOC_01316,92.3076923076923,1,False
GLOB_707,GLOB_GAVOC_01316,100.0,1,False
GLOB_707,GLOB_GAVOC_01332,91.66666666666666,1,False
GLOB_480,GLOB_GAVOC_01338,100.0,1,False
GLOB_522,GLOB_GAVOC_01351,100.0,1,False
GLOB2_1901,GLOB_GAVOC_01354,100.0,1,False
GLOB2_1901,GLOB_GAVOC_01355,100.0,no_coordinates,False
GLOB2_E_36,GLOB_GAVOC_01370,100.0,1,True
GLOB2_1159,GLOB_GAVOC_01378,100.0,1,True
GLOB2_998,GLOB_GAVOC_01383,100.0,1,False
GLOB2_998,GLOB_GAVOC_01388,100.0,1,False
GLOB_477,GLOB_GAVOC_01406,100.0,1,False
GLOB_306,GLOB_GAVOC_01439,96.55172413793103,1,False
GLOB_RT_261,GLOB_GAVOC_01446,92.3076923076923,1,False
GLOB_545,GLOB_GAVOC_01447,100.0,no_coordinates,False
GLOB2_950,GLOB_GAVOC_01466,100.0,1,True
GLOB_284,GLOB_GAVOC_01480,90.0,1,False
GLOB_PY_21,GLOB_GAVOC_01493,100.0,1,True
GLOB_313,GLOB_GAVOC_01506,100.0,1,False
GLOB_321,GLOB_GAVOC_01510,100.0,1,False
GLOB_672,GLOB_GAVOC_01512,100.0,1,False
GLOB2_914,GLOB_GAVOC_01522,100.0,1,True
GLOB2_E_240,GLOB_GAVOC_01522,100.0,1,False
GLOB2_914,GLOB_GAVOC_01523,100.0,1,False
GLOB2_E_239,GLOB_GAVOC_01523,100.0,1,False
GLOB2_E_240,GLOB_GAVOC_01523,100.0,1,False
GLOB2_914,GLOB_GAVOC_01530,100.0,1,False
GLOB_BN_148,GLOB_GAVOC_01563,92.3076923076923,1,False
GLOB_RT_36,GLOB_GAVOC_01567,100.0,1,False
GLOB_RT_36,GLOB_GAVOC_01569,100.0,1,True
GLOB_RT_127,GLOB_GAVOC_01577,100.0,1,False
GLOB_RT_158,GLOB_GAVOC_01583,96.7741935483871,1,True
GLOB2_1067,GLOB_GAVOC_01616,100.0,1,False
GLOB2_1219,GLOB_GAVOC_01616,100.0,1,False
GLOB_E_242,GLOB_GAVOC_01616,100.0,1,False
GLOB2_907,GLOB_GAVOC_01620,100.0,1,False
GLOB2_1826,GLOB_GAVOC_01636,100.0,1,False
GLOB_RT_111,GLOB_GAVOC_01639,100.0,1,False
GLOB_RT_115,GLOB_GAVOC_01639,82.35294117647058,1,False
GLOB_RT_35,GLOB_GAVOC_01639,87.5,1,False
GLOB_603,GLOB_GAVOC_01641,100.0,1,False
GLOB_RT_86,GLOB_GAVOC_01650,100.0,1,False
NR_69,GLOB_GAVOC_01651,90.0,1,False
GLOB_281,GLOB_GAVOC_01668,100.0,1,False
GLOB_RT_89,GLOB_GAVOC_01675,100.0,1,False
GLOB2_1213,GLOB_GAVOC_01676,100.0,1,False
GLOB_24,GLOB_GAVOC_01678,100.0,1,False
GLOB_RT_213,GLOB_GAVOC_01691,100.0,1,False
GLOB_495,GLOB_GAVOC_01700,100.0,1,False
GLOB_RT_253,GLOB_GAVOC_01702,100.0,1,False
GLOB_RT_145,GLOB_GAVOC_01704,100.0,1,True
GLOB_RT_33,GLOB_GAVOC_01708,100.0,1,False
GLOB_26,GLOB_GAVOC_01710,100.0,1,False
GLOB2_1010,GLOB_GAVOC_01716,100.0,1,False
GLOB_478,GLOB_GAVOC_01720,100.0,1,False
GLOB2_1867,GLOB_GAVOC_01723,94.11764705882352,1,False
GLOB_63,GLOB_GAVOC_01726,100.0,1,False
GLOB_369,GLOB_GAVOC_01734,85.71428571428572,1,False
GLOB_799,GLOB_GAVOC_01741,100.0,1,False
GLOB_718,GLOB_GAVOC_01745,100.0,1,False
GLOB_RT_206,GLOB_GAVOC_01747,100.0,1,False
GLOB_263,GLOB_GAVOC_01773,100.0,1,False
GLOB_27,GLOB_GAVOC_01775,100.0,1,False
GLOB_27_HUM_1,GLOB_GAVOC_01775,100.0,1,False
GLOB_27_HUM_2,GLOB_GAVOC_01775,100.0,1,False
GLOB_27_HUM_3,GLOB_GAVOC_01775,100.0,1,False
GLOB_27,GLOB_GAVOC_01776,100.0,1,False
GLOB_27_HUM_1,GLOB_GAVOC_01776,100.0,1,False
GLOB_27_HUM_2,GLOB_GAVOC_01776,100.0,1,False
GLOB_27_HUM_3,GLOB_GAVOC_01776,100.0,1,False
GLOB_27,GLOB_GAVOC_01784,100.0,1,False
GLOB_27_HUM_1,GLOB_GAVOC_01784,100.0,1,False
GLOB_27_HUM_2,GLOB_GAVOC_01784,100.0,1,False
GLOB_27_HUM_3,GLOB_GAVOC_01784,100.0,1,False
NR_244,GLOB_GAVOC_01788,94.11764705882352,no_coordinates,False
GLOB_RT_17,GLOB_GAVOC_01790,82.35294117647058,1,True
GLOB_RT_6,GLOB_GAVOC_01790,100.0,1,False
GLOB_RT_130,GLOB_GAVOC_01792,100.0,1,False
GLOB_RT_136,GLOB_GAVOC_01795,100.0,1,False
GLOB2_1527,GLOB_GAVOC_01799,100.0,1,False
GLOB_493,GLOB_GAVOC_01801,100.0,1,False
GLOB_493_HUM_1,GLOB_GAVOC_01801,100.0,1,False
GLOB_235,GLOB_GAVOC_01804,85.71428571428572,1,False
GLOB_28,GLOB_GAVOC_01804,100.0,1,False
GLOB2_1132,GLOB_GAVOC_01807,100.0,1,False
GLOB2_E_247,GLOB_GAVOC_01813,100.0,1,True
GLOB2_1236,GLOB_GAVOC_01816,100.0,1,True
GLOB_798,GLOB_GAVOC_01831,90.9090909090909,no_coordinates,False
GLOB_873,GLOB_GAVOC_01832,100.0,1,False
GLOB2_1341,GLOB_GAVOC_01845,100.0,1,False
GLOB_29,GLOB_GAVOC_01849,100.0,1,False
GLOB_29,GLOB_GAVOC_01853,100.0,1,False
GLOB_597,GLOB_GAVOC_01863,100.0,1,False
GLOB_RT_228,GLOB_GAVOC_01867,100.0,1,False
NR_85,GLOB_GAVOC_01872,100.0,1,False
GLOB_NB_201,GLOB_GAVOC_01873,100.0,1,False
GLOB_30,GLOB_GAVOC_01875,100.0,1,False
GLOB_33,GLOB_GAVOC_01901,100.0,1,False
GLOB_33,GLOB_GAVOC_01908,100.0,1,False
GLOB2_1050,GLOB_GAVOC_01935,90.9090909090909,1,False
GLOB2_1050_GEO_2,GLOB_GAVOC_01935,90.9090909090909,1,False
GLOB2_1050_HUM_1,GLOB_GAVOC_01935,90.9090909090909,1,False
GLOB_RT_15,GLOB_GAVOC_01938,100.0,1,False
GLOB_RT_22,GLOB_GAVOC_01941,100.0,1,False
GLOB_RT_133,GLOB_GAVOC_01943,100.0,1,False
GLOB_RT_193,GLOB_GAVOC_01949,90.0,1,False
GLOB_RT_247,GLOB_GAVOC_01952,100.0,1,False
GLOB2_1865,GLOB_GAVOC_01955,100.0,1,True
GLOB2_1050,GLOB_GAVOC_01956,100.0,1,False
GLOB2_1050_GEO_1,GLOB_GAVOC_01956,84.84848484848484,1,True
GLOB2_1050_GEO_2,GLOB_GAVOC_01956,94.11764705882352,1,False
GLOB2_1050_HUM_1,GLOB_GAVOC_01956,94.11764705882352,1,False
GLOB_35,GLOB_GAVOC_01961,100.0,1,False
GLOB_217,GLOB_GAVOC_01968,100.0,1,False
GLOB_564,GLOB_GAVOC_01972,100.0,1,False
GLOB_564_GEO_1,GLOB_GAVOC_01972,100.0,1,False
GLOB_564_GEO_2,GLOB_GAVOC_01972,100.0,1,False
GLOB_779,GLOB_GAVOC_01993,93.33333333333333,1,False
GLOB2_935,GLOB_GAVOC_02006,100.0,1,False
GLOB_841,GLOB_GAVOC_02024,100.0,1,False
GLOB_499,GLOB_GAVOC_02032,82.35294117647058,1,False
GLOB2_1372,GLOB_GAVOC_02055,100.0,no_coordinates,False
GLOB_731,GLOB_GAVOC_02056,100.0,1,False
GLOB_E_23,GLOB_GAVOC_02069,100.0,1,False
GLOB2_1659,GLOB_GAVOC_02070,100.0,1,False
GLOB2_1878,GLOB_GAVOC_02073,88.88888888888889,1,True
GLOB_880,GLOB_GAVOC_02073,100.0,1,False
GLOB_490,GLOB_GAVOC_02089,100.0,1,False
GLOB2_1505,GLOB_GAVOC_02106,100.0,1,True
GLOB_620,GLOB_GAVOC_02117,100.0,1,False
NR_133,GLOB_GAVOC_02119,94.11764705882352,1,False
GLOB_593,GLOB_GAVOC_02120,100.0,1,False
GLOB2_1827,GLOB_GAVOC_02130,100.0,1,True
GLOB2_E_15,GLOB_GAVOC_02135,100.0,1,False
GLOB_800,GLOB_GAVOC_02135,100.0,1,False
GLOB_178,GLOB_GAVOC_02141,100.0,1,False
GLOB_RT_90,GLOB_GAVOC_02149,100.0,1,False
GLOB_162,GLOB_GAVOC_02150,100.0,1,False
GLOB_577,GLOB_GAVOC_02161,100.0,1,True
GLOB2_1764,GLOB_GAVOC_02165,100.0,1,False
GLOB_RT_7,GLOB_GAVOC_02174,100.0,1,False
GLOB_RT_88,GLOB_GAVOC_02174,85.71428571428572,1,False
GLOB_NB_142,GLOB_GAVOC_02183,95.65217391304348,1,False
GLOB_593,GLOB_GAVOC_02185,100.0,1,False
GLOB_593,GLOB_GAVOC_02195,100.0,1,False
GLOB_NB_160,GLOB_GAVOC_02201,87.5,1,False
GLOB2_1603,GLOB_GAVOC_02209,100.0,1,False
GLOB2_1603,GLOB_GAVOC_02210,100.0,1,False
GLOB_36,GLOB_GAVOC_02211,100.0,1,True
GLOB2_E_182,GLOB_GAVOC_02213,100.0,1,True
GLOB_878,GLOB_GAVOC_02219,100.0,1,False
GLOB_878_HUM_1,GLOB_GAVOC_02219,100.0,1,False
GLOB_878_HUM_2,GLOB_GAVOC_02219,100.0,1,False
GLOB2_1862,GLOB_GAVOC_02236,85.71428571428572,1,False
GLOB2_1862_GEO_1,GLOB_GAVOC_02236,100.0,1,False
GLOB2_1862_GEO_2,GLOB_GAVOC_02236,85.71428571428572,1,True
GLOB_491,GLOB_GAVOC_02237,92.3076923076923,1,False
GLOB2_1464,GLOB_GAVOC_02271,100.0,1,False
GLOB_172,GLOB_GAVOC_02276,87.5,1,False
GLOB2_1478,GLOB_GAVOC_02283,100.0,1,True
GLOB_633,GLOB_GAVOC_02284,100.0,1,False
GLOB_156,GLOB_GAVOC_02286,100.0,1,False
GLOB_135_GEO_1,GLOB_GAVOC_02299,100.0,1,False
GLOB_629,GLOB_GAVOC_02305,100.0,1,False
GLOB_905,GLOB_GAVOC_02305,100.0,1,False
GLOB_905_GEO_1,GLOB_GAVOC_02305,100.0,1,False
GLOB_905_HUM_1,GLOB_GAVOC_02305,100.0,1,False
GLOB2_1029,GLOB_GAVOC_02310,100.0,1,True
GLOB2_E_109,GLOB_GAVOC_02350,100.0,1,False
GLOB_599,GLOB_GAVOC_02360,100.0,1,False
GLOB_599_HUM_1,GLOB_GAVOC_02360,100.0,1,False
GLOB_599_HUM_2,GLOB_GAVOC_02360,100.0,1,False
GLOB_38,GLOB_GAVOC_02387,100.0,1,False
GLOB_38,GLOB_GAVOC_02389,100.0,1,False
GLOB_NB_108,GLOB_GAVOC_02400,100.0,1,True
GLOB_273,GLOB_GAVOC_02404,100.0,1,False
GLOB_299,GLOB_GAVOC_02406,100.0,1,False
GLOB_806,GLOB_GAVOC_02414,100.0,1,False
GLOB_NB_64,GLOB_GAVOC_02428,100.0,1,False
NR_78,GLOB_GAVOC_02429,100.0,1,False
GLOB2_1416,GLOB_GAVOC_02443,100.0,1,True
GLOB_877,GLOB_GAVOC_02455,100.0,1,False
GLOB_877,GLOB_GAVOC_02461,84.61538461538461,1,False
GLOB_877A,GLOB_GAVOC_02461,100.0,1,False
GLOB_877B,GLOB_GAVOC_02461,88.23529411764706,1,False
GLOB_489,GLOB_GAVOC_02475,100.0,1,False
GLOB_E_6,GLOB_GAVOC_02477,95.23809523809523,1,False
GLOB2_1712,GLOB_GAVOC_02486,100.0,1,False
GLOB2_1475,GLOB_GAVOC_02502,100.0,1,False
GLOB2_1475_HUM_1,GLOB_GAVOC_02502,100.0,1,False
GLOB2_1653,GLOB_GAVOC_02503,100.0,1,False
GLOB2_1475,GLOB_GAVOC_02504,100.0,no_coordinates,False
GLOB2_1475_HUM_1,GLOB_GAVOC_02504,100.0,no_coordinates,False
GLOB_548,GLOB_GAVOC_02507,100.0,1,False
GLOB_BN_14,GLOB_GAVOC_02508,100.0,1,False
GLOB2_1880,GLOB_GAVOC_02515,100.0,1,False
GLOB_40,GLOB_GAVOC_02521,100.0,1,False
GLOB_E_7_HUM_2,GLOB_GAVOC_02556,92.0,1,False
GLOB_567,GLOB_GAVOC_02557,92.3076923076923,1,False
GLOB_599,GLOB_GAVOC_02559,100.0,1,False
GLOB_599_GEO_1,GLOB_GAVOC_02559,100.0,1,False
GLOB_599_HUM_1,GLOB_GAVOC_02559,100.0,1,False
GLOB_599_HUM_2,GLOB_GAVOC_02559,100.0,1,False
GLOB_489,GLOB_GAVOC_02586,100.0,1,False
GLOB_489,GLOB_GAVOC_02587,100.0,1,False
GLOB_489,GLOB_GAVOC_02588,100.0,1,False
NR_28,GLOB_GAVOC_02593,100.0,1,False
NR_28,GLOB_GAVOC_02595,87.5,1,False
GLOB_312,GLOB_GAVOC_02603,100.0,1,False
GLOB_43,GLOB_GAVOC_02607,100.0,1,False
GLOB_43,GLOB_GAVOC_02610,100.0,1,False
GLOB2_1050_GEO_2,GLOB_GAVOC_02622,82.35294117647058,1,True
GLOB2_1050,GLOB_GAVOC_02624,100.0,1,False
GLOB2_1050_GEO_2,GLOB_GAVOC_02624,100.0,1,False
GLOB2_1050_HUM_1,GLOB_GAVOC_02624,100.0,1,False
GLOB2_1403,GLOB_GAVOC_02644,100.0,1,True
GLOB2_944,GLOB_GAVOC_02647,100.0,1,True
GLOB_778,GLOB_GAVOC_02659,100.0,1,False
GLOB_778_GEO_1,GLOB_GAVOC_02659,100.0,1,False
GLOB_778_GEO_2,GLOB_GAVOC_02659,100.0,1,False
GLOB2_1506,GLOB_GAVOC_02682,100.0,1,False
GLOB_382,GLOB_GAVOC_02690,100.0,1,False
GLOB_382,GLOB_GAVOC_02691,100.0,1,False
GLOB2_1119,GLOB_GAVOC_02696,100.0,1,False
GLOB_44,GLOB_GAVOC_02700,100.0,1,False
GLOB2_1119,GLOB_GAVOC_02704,100.0,1,False
GLOB_NB_65,GLOB_GAVOC_02716,100.0,1,False
GLOB_RT_165,GLOB_GAVOC_02729,83.33333333333334,1,False
GLOB_RT_165,GLOB_GAVOC_02730,100.0,1,False
GLOB_45,GLOB_GAVOC_02739,100.0,1,False
GLOB_45_GEO_1,GLOB_GAVOC_02739,100.0,1,False
GLOB_45_HUM_1,GLOB_GAVOC_02739,100.0,1,False
GLOB_45,GLOB_GAVOC_02740,100.0,1,False
GLOB_45_GEO_1,GLOB_GAVOC_02740,100.0,1,False
GLOB_45_HUM_1,GLOB_GAVOC_02740,100.0,1,False
GLOB_45,GLOB_GAVOC_02741,100.0,1,False
GLOB_45_GEO_1,GLOB_GAVOC_02741,100.0,1,False
GLOB_45_HUM_1,GLOB_GAVOC_02741,100.0,1,False
GLOB_55,GLOB_GAVOC_02758,100.0,1,False
GLOB2_1360,GLOB_GAVOC_02761,100.0,1,False
GLOB_634,GLOB_GAVOC_02776,100.0,1,False
GLOB_122,GLOB_GAVOC_02804,100.0,1,False
NR_230,GLOB_GAVOC_02829,100.0,1,True
GLOB_706,GLOB_GAVOC_02833,100.0,1,False
GLOB_252,GLOB_GAVOC_02840,100.0,1,False
GLOB2_1105,GLOB_GAVOC_02850,100.0,1,False
GLOB2_1784,GLOB_GAVOC_02856,100.0,1,False
GLOB2_1118,GLOB_GAVOC_02866,100.0,1,False
GLOB2_1023,GLOB_GAVOC_02901,100.0,1,False
GLOB_868,GLOB_GAVOC_02905,100.0,1,False
GLOB_868,GLOB_GAVOC_02906,100.0,1,False
NR_215,GLOB_GAVOC_02918,100.0,1,True
GLOB2_E_113,GLOB_GAVOC_02927,84.21052631578947,1,True
GLOB_464,GLOB_GAVOC_02958,87.5,1,False
GLOB2_1817,GLOB_GAVOC_02963,100.0,1,True
GLOB_BN_97,GLOB_GAVOC_02966,100.0,1,False
GLOB_BN_91,GLOB_GAVOC_02975,100.0,1,False
GLOB_208,GLOB_GAVOC_02979,93.33333333333333,1,False
GLOB_RT_188,GLOB_GAVOC_02994,96.55172413793103,1,False
GLOB2_1023,GLOB_GAVOC_03001,100.0,1,False
GLOB_PY_3,GLOB_GAVOC_03026,86.95652173913044,1,True
GLOB_288,GLOB_GAVOC_03047,100.0,1,False
GLOB2_1437,GLOB_GAVOC_03056,100.0,1,True
GLOB_178,GLOB_GAVOC_03075,88.88888888888889,1,False
GLOB_RT_186,GLOB_GAVOC_03110,94.73684210526316,1,True
GLOB_873,GLOB_GAVOC_03115,100.0,1,False
GLOB2_1067,GLOB_GAVOC_03122,100.0,1,True
GLOB2_1219,GLOB_GAVOC_03122,100.0,1,True
GLOB_E_242,GLOB_GAVOC_03122,100.0,1,False
GLOB2_1724,GLOB_GAVOC_03126,100.0,1,True
GLOB_RT_266,GLOB_GAVOC_03130,100.0,1,True
GLOB_RT_266,GLOB_GAVOC_03131,100.0,1,True
GLOB2_1289,GLOB_GAVOC_03149,100.0,1,False
GLOB_BN_81,GLOB_GAVOC_03165,95.23809523809523,1,False
GLOB_269,GLOB_GAVOC_03171,100.0,1,False
GLOB2_E_41,GLOB_GAVOC_03191,100.0,1,False
GLOB2_E_41_GEO_1,GLOB_GAVOC_03191,100.0,1,True
GLOB2_E_41_HUM_1,GLOB_GAVOC_03191,100.0,1,False
GLOB2_1904,GLOB_GAVOC_03193,100.0,1,False
GLOB_527,GLOB_GAVOC_03196,100.0,1,False
GLOB_BN_20,GLOB_GAVOC_03202,100.0,1,False
GLOB2_E_62,GLOB_GAVOC_03212,100.0,1,True
GLOB2_1461,GLOB_GAVOC_03221,90.0,1,False
GLOB2_E_66,GLOB_GAVOC_03237,100.0,1,True
GLOB_54,GLOB_GAVOC_03240,100.0,1,False
GLOB_54_GEO_1,GLOB_GAVOC_03240,100.0,1,True
GLOB_54_HUM_1,GLOB_GAVOC_03240,100.0,1,False
GLOB_54,GLOB_GAVOC_03241,100.0,1,False
GLOB_54_GEO_1,GLOB_GAVOC_03241,100.0,1,False
GLOB_54_HUM_1,GLOB_GAVOC_03241,100.0,1,False
GLOB2_E_71,GLOB_GAVOC_03243,100.0,1,True
GLOB2_1067,GLOB_GAVOC_03247,100.0,1,True
GLOB_785,GLOB_GAVOC_03258,100.0,1,False
GLOB_785,GLOB_GAVOC_03260,100.0,1,False
GLOB_147,GLOB_GAVOC_03266,100.0,1,True
GLOB_113,GLOB_GAVOC_03305,100.0,1,False
GLOB_50,GLOB_GAVOC_03322,100.0,1,False
GLOB_51,GLOB_GAVOC_03337,100.0,1,False
GLOB_51_HUM_1,GLOB_GAVOC_03337,100.0,1,False
GLOB_51_HUM_2,GLOB_GAVOC_03337,100.0,1,False
GLOB_BN_49,GLOB_GAVOC_03341,100.0,1,False
GLOB_562,GLOB_GAVOC_03345,91.66666666666666,1,False
GLOB_RT_143,GLOB_GAVOC_03359,100.0,1,False
GLOB2_1387,GLOB_GAVOC_03361,100.0,1,False
GLOB2_1387,GLOB_GAVOC_03362,100.0,1,False
GLOB_158,GLOB_GAVOC_03364,100.0,1,False
GLOB2_1354,GLOB_GAVOC_03367,94.73684210526316,1,False
GLOB_RT_144,GLOB_GAVOC_03409,100.0,1,False
GLOB_655,GLOB_GAVOC_03416,85.71428571428572,1,False
GLOB_172,GLOB_GAVOC_03424,87.5,1,False
GLOB2_1218,GLOB_GAVOC_03459,83.33333333333334,1,False
GLOB_82,GLOB_GAVOC_03459,100.0,1,False
GLOB2_1138,GLOB_GAVOC_03460,100.0,1,False
GLOB_556,GLOB_GAVOC_03491,100.0,1,False
GLOB_RT_28,GLOB_GAVOC_03492,100.0,1,False
GLOB2_1138,GLOB_GAVOC_03501,100.0,1,False
GLOB_314,GLOB_GAVOC_03508,100.0,1,False
GLOB_314,GLOB_GAVOC_03510,100.0,1,False
GLOB_314,GLOB_GAVOC_03513,100.0,1,False
GLOB_884,GLOB_GAVOC_03514,100.0,1,False
GLOB2_E_54,GLOB_GAVOC_03518,86.95652173913044,1,True
GLOB_PY_54,GLOB_GAVOC_03523,100.0,1,False
GLOB_368,GLOB_GAVOC_03529,100.0,1,False
GLOB_559,GLOB_GAVOC_03531,100.0,1,False
GLOB_827,GLOB_GAVOC_03533,100.0,1,False
GLOB_BN_47,GLOB_GAVOC_03548,88.88888888888889,1,False
GLOB2_1600,GLOB_GAVOC_03557,100.0,1,True
GLOB2_1721,GLOB_GAVOC_03564,82.35294117647058,1,False
GLOB2_1721,GLOB_GAVOC_03568,82.35294117647058,1,False
GLOB2_E_254,GLOB_GAVOC_03577,83.33333333333334,1,False
GLOB_314,GLOB_GAVOC_03593,100.0,1,False
GLOB_RT_207,GLOB_GAVOC_03596,83.33333333333334,1,False
GLOB2_965,GLOB_GAVOC_03604,100.0,1,False
GLOB2_E_257,GLOB_GAVOC_03604,100.0,1,False
GLOB_786,GLOB_GAVOC_03617,100.0,1,False
GLOB2_1033,GLOB_GAVOC_03639,100.0,1,True
GLOB_707,GLOB_GAVOC_03646,92.3076923076923,1,False
GLOB2_954,GLOB_GAVOC_03647,100.0,1,False
GLOB2_E_55,GLOB_GAVOC_03651,100.0,1,False
GLOB_PY_25,GLOB_GAVOC_03654,90.9090909090909,1,True
GLOB_PY_25,GLOB_GAVOC_03657,100.0,1,True
GLOB2_1019,GLOB_GAVOC_03674,94.73684210526316,1,True
GLOB2_1726,GLOB_GAVOC_03709,100.0,1,False
GLOB_RT_185,GLOB_GAVOC_03735,100.0,1,False
GLOB_885,GLOB_GAVOC_03761,100.0,1,False
GLOB_885,GLOB_GAVOC_03762,100.0,1,False
GLOB_886,GLOB_GAVOC_03776,100.0,1,False
GLOB_886_GEO_1,GLOB_GAVOC_03776,100.0,1,False
GLOB_886_HUM_1,GLOB_GAVOC_03776,100.0,1,False
GLOB_751,GLOB_GAVOC_03781,83.33333333333334,1,False
GLOB2_1894,GLOB_GAVOC_03785,100.0,no_coordinates,False
GLOB2_1894_HUM_1,GLOB_GAVOC_03785,100.0,no_coordinates,False
GLOB_53,GLOB_GAVOC_03789,100.0,1,False
GLOB_331,GLOB_GAVOC_03813,100.0,1,False
GLOB2_1793,GLOB_GAVOC_03816,100.0,1,False
GLOB2_1821,GLOB_GAVOC_03818,100.0,1,False
GLOB_331,GLOB_GAVOC_03821,100.0,1,False
GLOB2_1173,GLOB_GAVOC_03825,100.0,1,False
GLOB2_E_257,GLOB_GAVOC_03854,100.0,1,False
GLOB_BN_41,GLOB_GAVOC_03881,100.0,1,False
GLOB2_1822,GLOB_GAVOC_03901,85.71428571428572,1,False
GLOB2_1515,GLOB_GAVOC_03916,100.0,1,False
GLOB_145,GLOB_GAVOC_03918,100.0,1,False
GLOB2_1412,GLOB_GAVOC_03930,100.0,1,True
GLOB_55,GLOB_GAVOC_03931,100.0,1,True
GLOB_RT_184,GLOB_GAVOC_03943,100.0,1,True
GLOB_E_13,GLOB_GAVOC_03949,100.0,1,False
GLOB_274,GLOB_GAVOC_03960,100.0,1,False
GLOB_734,GLOB_GAVOC_03960,100.0,1,False
GLOB_552,GLOB_GAVOC_03966,92.3076923076923,1,False
GLOB_693,GLOB_GAVOC_03966,100.0,1,False
GLOB_330,GLOB_GAVOC_03984,87.5,1,False
GLOB2_1009,GLOB_GAVOC_03990,100.0,1,False
GLOB2_1009_HUM_1,GLOB_GAVOC_03990,100.0,1,False
GLOB2_1009_HUM_2,GLOB_GAVOC_03990,100.0,1,False
GLOB_551,GLOB_GAVOC_03991,100.0,1,False
GLOB_538,GLOB_GAVOC_04000,91.66666666666666,1,False
GLOB_538_HUM_1,GLOB_GAVOC_04000,91.66666666666666,1,False
GLOB_538_HUM_2,GLOB_GAVOC_04000,91.66666666666666,1,False
GLOB_538_HUM_3,GLOB_GAVOC_04000,91.66666666666666,1,False
GLOB_538,GLOB_GAVOC_04002,100.0,1,False
GLOB_538_HUM_1,GLOB_GAVOC_04002,100.0,1,False
GLOB_538_HUM_2,GLOB_GAVOC_04002,100.0,1,False
GLOB_538_HUM_3,GLOB_GAVOC_04002,100.0,1,False
GLOB_533,GLOB_GAVOC_04003,100.0,1,False
GLOB2_910,GLOB_GAVOC_04006,100.0,1,False
GLOB_828,GLOB_GAVOC_04009,100.0,1,False
GLOB_133,GLOB_GAVOC_04014,100.0,1,False
GLOB2_E_244,GLOB_GAVOC_04025,100.0,1,False
GLOB2_E_244,GLOB_GAVOC_04026,100.0,1,False
GLOB2_E_84,GLOB_GAVOC_04029,90.0,1,True
GLOB_821,GLOB_GAVOC_04057,100.0,1,False
GLOB_821,GLOB_GAVOC_04066,88.88888888888889,1,False
GLOB_RT_11,GLOB_GAVOC_04066,85.71428571428572,1,False
GLOB_RT_71,GLOB_GAVOC_04066,85.71428571428572,1,False
GLOB2_949,GLOB_GAVOC_04070,100.0,1,False
GLOB2_1489,GLOB_GAVOC_04089,100.0,1,False
GLOB2_E_81,GLOB_GAVOC_04112,100.0,1,True
GLOB_57,GLOB_GAVOC_04117,100.0,1,False
GLOB2_1409,GLOB_GAVOC_04135,82.35294117647058,1,False
GLOB_535,GLOB_GAVOC_04135,92.3076923076923,1,False
GLOB_538,GLOB_GAVOC_04146,100.0,1,False
GLOB_538_HUM_1,GLOB_GAVOC_04146,100.0,1,False
GLOB_538_HUM_2,GLOB_GAVOC_04146,100.0,1,False
GLOB_538_HUM_3,GLOB_GAVOC_04146,100.0,1,False
GLOB_893,GLOB_GAVOC_04164,100.0,1,False
GLOB_893_HUM_1,GLOB_GAVOC_04164,100.0,1,False
GLOB_893_HUM_2,GLOB_GAVOC_04164,100.0,1,False
GLOB_533,GLOB_GAVOC_04174,100.0,1,False
GLOB_533,GLOB_GAVOC_04175,100.0,1,False
GLOB2_1287,GLOB_GAVOC_04176,85.71428571428572,1,True
GLOB_533,GLOB_GAVOC_04176,100.0,1,False
GLOB_164,GLOB_GAVOC_04183,100.0,1,False
GLOB_164_HUM_1,GLOB_GAVOC_04183,96.2962962962963,1,False
GLOB_164_HUM_2,GLOB_GAVOC_04183,100.0,1,False
GLOB_900,GLOB_GAVOC_04186,100.0,1,False
GLOB_RT_14,GLOB_GAVOC_04225,89.65517241379311,1,False
GLOB_607,GLOB_GAVOC_04238,100.0,1,False
GLOB_RT_169,GLOB_GAVOC_04239,100.0,1,False
GLOB2_1342,GLOB_GAVOC_04250,100.0,1,False
GLOB_59,GLOB_GAVOC_04259,100.0,1,False
GLOB_RT_121,GLOB_GAVOC_04273,100.0,1,False
GLOB2_E_41,GLOB_GAVOC_04279,100.0,1,False
GLOB2_E_41_GEO_1,GLOB_GAVOC_04279,100.0,1,True
GLOB_PY_32,GLOB_GAVOC_04288,83.33333333333334,1,False
GLOB_PY_32,GLOB_GAVOC_04291,83.33333333333334,1,False
GLOB_134,GLOB_GAVOC_04295,100.0,1,False
GLOB_122,GLOB_GAVOC_04314,100.0,1,False
GLOB_556,GLOB_GAVOC_04314,100.0,1,False
GLOB2_1852,GLOB_GAVOC_04322,100.0,1,False
GLOB_539,GLOB_GAVOC_04322,100.0,1,False
GLOB2_E_233,GLOB_GAVOC_04324,85.71428571428572,1,False
GLOB_177,GLOB_GAVOC_04343,84.21052631578947,1,False
GLOB2_1673,GLOB_GAVOC_04349,100.0,1,False
GLOB2_1673,GLOB_GAVOC_04357,100.0,1,False
GLOB2_E_90,GLOB_GAVOC_04369,100.0,1,False
GLOB_799,GLOB_GAVOC_04406,100.0,1,False
GLOB2_E_92,GLOB_GAVOC_04416,100.0,1,False
GLOB2_E_101,GLOB_GAVOC_04483,100.0,1,False
GLOB_217,GLOB_GAVOC_04488,100.0,1,False
GLOB_492,GLOB_GAVOC_04530,100.0,1,False
GLOB_291,GLOB_GAVOC_04533,100.0,1,False
GLOB2_1784,GLOB_GAVOC_04537,100.0,no_coordinates,False
GLOB2_989,GLOB_GAVOC_04570,100.0,1,False
GLOB2_1271,GLOB_GAVOC_04571,100.0,1,False
GLOB_140,GLOB_GAVOC_04572,100.0,1,False
GLOB_124,GLOB_GAVOC_04585,100.0,1,False
GLOB_PY_7,GLOB_GAVOC_04585,100.0,1,False
GLOB_25,GLOB_GAVOC_04587,100.0,1,False
GLOB2_E_270,GLOB_GAVOC_04594,100.0,1,False
GLOB2_1580,GLOB_GAVOC_04598,85.71428571428572,1,False
GLOB_177,GLOB_GAVOC_04612,82.35294117647058,1,False
GLOB_177,GLOB_GAVOC_04613,100.0,1,False
GLOB_281,GLOB_GAVOC_04621,85.71428571428572,1,False
GLOB_61,GLOB_GAVOC_04654,100.0,1,False
GLOB_25,GLOB_GAVOC_04659,92.3076923076923,1,False
GLOB_307,GLOB_GAVOC_04668,100.0,1,False
GLOB2_E_272,GLOB_GAVOC_04698,87.5,1,False
GLOB_62,GLOB_GAVOC_04708,100.0,1,True
GLOB_62,GLOB_GAVOC_04709,100.0,1,False
GLOB2_E_248,GLOB_GAVOC_04727,100.0,1,False
GLOB_112,GLOB_GAVOC_04760,100.0,1,False
GLOB2_907,GLOB_GAVOC_04840,100.0,1,False
GLOB_RT_30,GLOB_GAVOC_04917,100.0,1,False
GLOB_RT_173,GLOB_GAVOC_04922,100.0,1,True
GLOB_RT_30,GLOB_GAVOC_04923,100.0,1,False
GLOB2_1889,GLOB_GAVOC_04925,100.0,1,True
GLOB2_1326,GLOB_GAVOC_04943,100.0,1,False
GLOB2_1326,GLOB_GAVOC_04949,100.0,1,False
GLOB2_E_223,GLOB_GAVOC_04966,100.0,1,True
GLOB2_1150,GLOB_GAVOC_04974,100.0,1,False
GLOB2_1267,GLOB_GAVOC_04981,100.0,1,False
GLOB2_1268,GLOB_GAVOC_04982,100.0,1,False
GLOB_116,GLOB_GAVOC_04983,90.9090909090909,1,False
GLOB_116,GLOB_GAVOC_04984,90.9090909090909,1,False
GLOB_116,GLOB_GAVOC_04988,100.0,1,False
GLOB2_1612,GLOB_GAVOC_04999,85.71428571428572,1,False
GLOB_RT_151,GLOB_GAVOC_04999,100.0,1,True
GLOB_736,GLOB_GAVOC_05023,100.0,1,False
GLOB2_1507,GLOB_GAVOC_05042,100.0,1,False
GLOB_94,GLOB_GAVOC_05042,100.0,1,False
GLOB_823,GLOB_GAVOC_05052,93.33333333333333,1,False
GLOB2_1444,GLOB_GAVOC_05058,86.95652173913044,1,True
GLOB_737,GLOB_GAVOC_05088,100.0,1,False
GLOB2_E_242,GLOB_GAVOC_05093,83.33333333333334,1,True
GLOB2_1001,GLOB_GAVOC_05097,100.0,1,False
GLOB2_1366,GLOB_GAVOC_05110,100.0,1,False
GLOB_RT_1,GLOB_GAVOC_05113,100.0,1,False
GLOB_RT_10,GLOB_GAVOC_05116,88.0,1,True
GLOB2_1811,GLOB_GAVOC_05133,100.0,1,False
GLOB2_1245,GLOB_GAVOC_05135,100.0,1,True
GLOB_RT_181,GLOB_GAVOC_05174,100.0,1,True
GLOB_810,GLOB_GAVOC_05195,100.0,1,False
GLOB_680,GLOB_GAVOC_05212,100.0,1,False
GLOB2_1137,GLOB_GAVOC_05214,100.0,1,False
GLOB2_926,GLOB_GAVOC_05229,100.0,1,False
GLOB2_1753,GLOB_GAVOC_05237,100.0,1,False
GLOB2_1430,GLOB_GAVOC_05251,100.0,no_coordinates,False
GLOB_541,GLOB_GAVOC_05264,90.9090909090909,1,False
GLOB2_1587,GLOB_GAVOC_05278,100.0,1,False
GLOB2_1496,GLOB_GAVOC_05284,100.0,1,False
GLOB2_990,GLOB_GAVOC_05300,100.0,1,False
GLOB2_990,GLOB_GAVOC_05301,100.0,1,False
GLOB_812,GLOB_GAVOC_05303,100.0,1,False
GLOB_RT_124,GLOB_GAVOC_05308,100.0,1,False
GLOB2_1766,GLOB_GAVOC_05310,100.0,1,False
GLOB_664,GLOB_GAVOC_05322,85.71428571428572,1,True
GLOB_99,GLOB_GAVOC_05329,100.0,1,False
GLOB_240,GLOB_GAVOC_05347,83.33333333333334,1,False
GLOB2_1515,GLOB_GAVOC_05349,100.0,1,False
GLOB_RT_4,GLOB_GAVOC_05359,100.0,1,False
GLOB_810,GLOB_GAVOC_05361,100.0,1,False
GLOB2_1896,GLOB_GAVOC_05383,100.0,1,True
GLOB_119,GLOB_GAVOC_05395,100.0,1,False
GLOB_RT_126,GLOB_GAVOC_05398,100.0,1,False
GLOB2_E_20,GLOB_GAVOC_05404,100.0,1,False
GLOB2_1007,GLOB_GAVOC_05411,100.0,1,False
GLOB2_1007,GLOB_GAVOC_05412,100.0,1,False
GLOB2_1007,GLOB_GAVOC_05415,100.0,1,False
GLOB_574,GLOB_GAVOC_05422,100.0,1,False
GLOB2_E_19,GLOB_GAVOC_05425,100.0,1,False
GLOB_189,GLOB_GAVOC_05425,100.0,1,False
GLOB_14,GLOB_GAVOC_05452,83.33333333333334,1,False
GLOB_543,GLOB_GAVOC_05452,100.0,1,False
GLOB_184,GLOB_GAVOC_05458,100.0,1,True
GLOB2_1316,GLOB_GAVOC_05476,100.0,1,False
GLOB_530,GLOB_GAVOC_05487,100.0,1,False
GLOB_96,GLOB_GAVOC_05487,91.66666666666666,1,False
GLOB2_1190,GLOB_GAVOC_05490,100.0,1,True
GLOB_BN_151,GLOB_GAVOC_05511,100.0,1,False
GLOB_BN_151,GLOB_GAVOC_05513,100.0,1,False
GLOB_865,GLOB_GAVOC_05524,100.0,1,False
GLOB2_897,GLOB_GAVOC_05559,100.0,1,False
GLOB2_897,GLOB_GAVOC_05561,100.0,1,False
GLOB_403,GLOB_GAVOC_05574,85.71428571428572,1,False
GLOB_403,GLOB_GAVOC_05576,100.0,1,False
GLOB_352,GLOB_GAVOC_05579,100.0,1,False
GLOB2_E_251,GLOB_GAVOC_05607,100.0,1,False
GLOB2_1661,GLOB_GAVOC_05615,100.0,1,False
GLOB2_1776,GLOB_GAVOC_05620,100.0,1,True
GLOB_67,GLOB_GAVOC_05630,100.0,1,False
GLOB_67,GLOB_GAVOC_05634,100.0,1,False
GLOB_67,GLOB_GAVOC_05636,100.0,1,False
GLOB_404,GLOB_GAVOC_05642,100.0,1,False
GLOB_404,GLOB_GAVOC_05643,100.0,1,False
GLOB_677,GLOB_GAVOC_05666,100.0,1,False
GLOB_36,GLOB_GAVOC_05671,100.0,1,True
GLOB2_1512,GLOB_GAVOC_05682,100.0,1,False
GLOB_E_9,GLOB_GAVOC_05690,84.21052631578947,1,False
GLOB_268,GLOB_GAVOC_05694,100.0,1,False
GLOB_542,GLOB_GAVOC_05709,100.0,1,False
GLOB_304,GLOB_GAVOC_05718,100.0,1,False
GLOB2_1528,GLOB_GAVOC_05726,100.0,1,False
GLOB2_1528,GLOB_GAVOC_05740,100.0,1,False
GLOB2_1067,GLOB_GAVOC_05747,100.0,1,False
GLOB_777,GLOB_GAVOC_05769,100.0,1,False
GLOB2_975,GLOB_GAVOC_05780,100.0,1,True
GLOB2_975,GLOB_GAVOC_05781,100.0,1,True
GLOB_67,GLOB_GAVOC_05800,92.3076923076923,1,False
GLOB_E_10,GLOB_GAVOC_05814,100.0,1,False
GLOB_E_11,GLOB_GAVOC_05845,100.0,1,False
GLOB_454,GLOB_GAVOC_05849,100.0,1,True
GLOB2_1831,GLOB_GAVOC_05886,82.35294117647058,1,False
GLOB2_964,GLOB_GAVOC_05888,100.0,1,False
GLOB2_1780,GLOB_GAVOC_05897,100.0,1,False
GLOB2_1831,GLOB_GAVOC_05906,82.35294117647058,1,False
GLOB2_1831,GLOB_GAVOC_05908,82.35294117647058,1,True
NR_228,GLOB_GAVOC_05911,100.0,1,False
GLOB_638,GLOB_GAVOC_05914,100.0,1,False
GLOB_655,GLOB_GAVOC_05926,100.0,1,False
GLOB_352,GLOB_GAVOC_05939,100.0,1,False
GLOB2_E_254,GLOB_GAVOC_05951,100.0,1,False
GLOB_802,GLOB_GAVOC_05961,93.75,1,False
GLOB_570,GLOB_GAVOC_05962,90.0,1,False
GLOB_570,GLOB_GAVOC_05965,100.0,1,False
GLOB_E_10,GLOB_GAVOC_05990,100.0,1,False
GLOB_PY_39,GLOB_GAVOC_05993,100.0,1,False
GLOB_185,GLOB_GAVOC_06005,100.0,1,False
GLOB_635,GLOB_GAVOC_06005,84.21052631578947,1,False
GLOB_71,GLOB_GAVOC_06009,100.0,1,False
GLOB_71_HUM_1,GLOB_GAVOC_06009,100.0,1,False
GLOB_71_HUM_2,GLOB_GAVOC_06009,100.0,1,False
GLOB_71_HUM_3,GLOB_GAVOC_06009,100.0,1,False
GLOB_536,GLOB_GAVOC_06015,100.0,1,False
GLOB2_1825,GLOB_GAVOC_06023,100.0,1,False
GLOB2_1785,GLOB_GAVOC_06033,100.0,1,True
GLOB_73,GLOB_GAVOC_06035,100.0,1,False
GLOB2_1785,GLOB_GAVOC_06047,100.0,1,True
GLOB_201,GLOB_GAVOC_06055,100.0,1,False
GLOB_201_HUM_1,GLOB_GAVOC_06055,100.0,1,False
GLOB_201_HUM_2,GLOB_GAVOC_06055,100.0,1,False
GLOB_865,GLOB_GAVOC_06084,85.71428571428572,1,False
GLOB_406,GLOB_GAVOC_06093,100.0,1,False
GLOB_73,GLOB_GAVOC_06110,100.0,1,False
GLOB_RT_180,GLOB_GAVOC_06117,100.0,1,True
GLOB_E_26,GLOB_GAVOC_06128,95.65217391304348,1,False
GLOB2_1913,GLOB_GAVOC_06131,97.2972972972973,1,False
GLOB2_1768,GLOB_GAVOC_06152,83.33333333333334,1,True
GLOB2_1768,GLOB_GAVOC_06153,92.3076923076923,1,True
GLOB2_955,GLOB_GAVOC_06159,100.0,1,True
GLOB2_1881,GLOB_GAVOC_06169,100.0,1,False
GLOB_NB_32,GLOB_GAVOC_06172,83.33333333333334,1,False
GLOB_870,GLOB_GAVOC_06180,85.71428571428572,1,False
GLOB_765,GLOB_GAVOC_06193,100.0,1,False
GLOB2_1139,GLOB_GAVOC_06196,100.0,1,True
GLOB_74,GLOB_GAVOC_06204,100.0,1,False
GLOB_861,GLOB_GAVOC_06226,100.0,1,False
GLOB_153,GLOB_GAVOC_06229,100.0,1,False
GLOB_E_12,GLOB_GAVOC_06236,95.23809523809523,1,False
GLOB_414,GLOB_GAVOC_06238,87.5,1,False
GLOB_NB_70,GLOB_GAVOC_06269,100.0,1,False
GLOB2_1629,GLOB_GAVOC_06273,100.0,1,False
GLOB2_1629,GLOB_GAVOC_06276,100.0,1,False
GLOB_RT_5,GLOB_GAVOC_06289,100.0,1,False
GLOB_RT_5,GLOB_GAVOC_06290,100.0,1,False
GLOB_340,GLOB_GAVOC_06309,100.0,1,False
GLOB_344,GLOB_GAVOC_06352,100.0,1,False
GLOB_344,GLOB_GAVOC_06354,85.71428571428572,1,False
GLOB2_1051,GLOB_GAVOC_06373,100.0,1,False
GLOB2_1051,GLOB_GAVOC_06374,100.0,1,False
GLOB2_1051,GLOB_GAVOC_06375,100.0,1,True
GLOB_410,GLOB_GAVOC_06392,100.0,1,False
GLOB_410,GLOB_GAVOC_06406,100.0,1,False
GLOB_765,GLOB_GAVOC_06407,100.0,1,False
GLOB2_E_179,GLOB_GAVOC_06415,100.0,1,False
GLOB_76,GLOB_GAVOC_06462,100.0,1,False
GLOB_636,GLOB_GAVOC_06466,100.0,1,False
GLOB2_1371,GLOB_GAVOC_06478,100.0,1,False
GLOB_149,GLOB_GAVOC_06489,100.0,1,False
GLOB_E_15,GLOB_GAVOC_06495,100.0,1,False
GLOB_E_15,GLOB_GAVOC_06496,100.0,1,False
GLOB_407,GLOB_GAVOC_06517,100.0,1,False
NR_217,GLOB_GAVOC_06542,100.0,1,False
GLOB_202,GLOB_GAVOC_06546,83.33333333333334,1,False
GLOB_392,GLOB_GAVOC_06564,100.0,1,False
GLOB_412,GLOB_GAVOC_06588,100.0,1,False
GLOB_373,GLOB_GAVOC_06592,100.0,1,False
GLOB_373_HUM_1,GLOB_GAVOC_06592,100.0,1,False
GLOB_373_HUM_2,GLOB_GAVOC_06592,100.0,1,False
GLOB_373,GLOB_GAVOC_06597,100.0,1,False
GLOB_373_HUM_1,GLOB_GAVOC_06597,100.0,1,False
GLOB_373_HUM_2,GLOB_GAVOC_06597,100.0,1,False
GLOB2_944,GLOB_GAVOC_06599,100.0,1,False
GLOB_646,GLOB_GAVOC_06600,100.0,1,False
GLOB_E_13,GLOB_GAVOC_06604,94.73684210526316,1,False
GLOB_77,GLOB_GAVOC_06606,100.0,1,True
GLOB2_1020,GLOB_GAVOC_06610,100.0,1,False
GLOB_124,GLOB_GAVOC_06626,100.0,1,False
GLOB_PY_7,GLOB_GAVOC_06626,100.0,1,False
GLOB2_1034,GLOB_GAVOC_06627,100.0,1,True
GLOB2_1034,GLOB_GAVOC_06629,100.0,1,True
GLOB_466,GLOB_GAVOC_06636,100.0,1,False
GLOB_196,GLOB_GAVOC_06638,100.0,1,False
GLOB_196,GLOB_GAVOC_06639,88.0,1,False
GLOB_317,GLOB_GAVOC_06646,84.61538461538461,1,False
GLOB2_1170,GLOB_GAVOC_06647,100.0,1,False
GLOB_643,GLOB_GAVOC_06655,100.0,1,False
GLOB_90,GLOB_GAVOC_06664,100.0,1,False
GLOB_766,GLOB_GAVOC_06711,100.0,1,False
GLOB_768,GLOB_GAVOC_06751,100.0,1,False
GLOB_47,GLOB_GAVOC_06759,90.0,1,False
GLOB_768,GLOB_GAVOC_06760,100.0,1,False
GLOB_664,GLOB_GAVOC_06767,85.71428571428572,1,False
GLOB_264,GLOB_GAVOC_06772,100.0,1,False
GLOB2_E_152,GLOB_GAVOC_06774,100.0,1,False
NR_17,GLOB_GAVOC_06786,100.0,1,False
GLOB_RT_23,GLOB_GAVOC_06788,96.2962962962963,1,True
GLOB_369,GLOB_GAVOC_06799,100.0,1,False
GLOB_177,GLOB_GAVOC_06810,82.35294117647058,1,False
GLOB_78,GLOB_GAVOC_06824,83.33333333333334,1,False
GLOB2_E_156,GLOB_GAVOC_06841,100.0,1,False
GLOB_BN_63,GLOB_GAVOC_06849,100.0,1,False
GLOB_79,GLOB_GAVOC_06864,100.0,1,True
GLOB2_1428,GLOB_GAVOC_06875,100.0,1,True
GLOB_144,GLOB_GAVOC_06880,100.0,1,False
GLOB_332,GLOB_GAVOC_06896,100.0,1,False
GLOB2_921,GLOB_GAVOC_06899,100.0,1,True
GLOB2_1553,GLOB_GAVOC_06909,100.0,1,False
GLOB_374,GLOB_GAVOC_06909,100.0,1,False
GLOB_374,GLOB_GAVOC_06912,82.35294117647058,1,False
GLOB2_1883,GLOB_GAVOC_06929,95.23809523809523,1,False
GLOB2_E_161,GLOB_GAVOC_06938,100.0,1,False
GLOB2_1229,GLOB_GAVOC_06952,92.6829268292683,1,False
GLOB_376,GLOB_GAVOC_06963,100.0,1,False
GLOB_375,GLOB_GAVOC_06985,100.0,1,False
GLOB_230,GLOB_GAVOC_07000,82.35294117647058,1,False
GLOB_664,GLOB_GAVOC_07003,100.0,1,True
GLOB_371,GLOB_GAVOC_07007,100.0,1,False
GLOB_663,GLOB_GAVOC_07021,100.0,1,False
GLOB_78,GLOB_GAVOC_07028,83.33333333333334,1,False
GLOB_929,GLOB_GAVOC_07028,100.0,1,False
GLOB_78,GLOB_GAVOC_07030,83.33333333333334,1,False
GLOB_929,GLOB_GAVOC_07030,100.0,1,False
GLOB_735,GLOB_GAVOC_07035,100.0,1,False
GLOB2_E_162,GLOB_GAVOC_07047,100.0,1,True
GLOB_RT_160,GLOB_GAVOC_07071,100.0,1,False
GLOB_377,GLOB_GAVOC_07072,100.0,1,False
GLOB_RT_93,GLOB_GAVOC_07076,100.0,1,False
GLOB_RT_252,GLOB_GAVOC_07077,100.0,1,False
GLOB2_905,GLOB_GAVOC_07086,100.0,1,False
GLOB2_905,GLOB_GAVOC_07088,100.0,1,False
GLOB2_1041,GLOB_GAVOC_07107,84.21052631578947,1,False
GLOB2_1041_HUM_1,GLOB_GAVOC_07107,84.21052631578947,1,False
GLOB2_1041_HUM_2,GLOB_GAVOC_07107,84.21052631578947,1,False
GLOB_286,GLOB_GAVOC_07107,100.0,1,False
GLOB2_1869,GLOB_GAVOC_07108,100.0,1,False
GLOB_175,GLOB_GAVOC_07122,100.0,1,False
GLOB2_1366,GLOB_GAVOC_07128,100.0,1,False
GLOB_276,GLOB_GAVOC_07130,100.0,1,False
GLOB_RT_138,GLOB_GAVOC_07135,92.3076923076923,1,False
GLOB2_1401,GLOB_GAVOC_07145,100.0,1,False
GLOB_RT_12,GLOB_GAVOC_07157,82.35294117647058,1,False
GLOB_225,GLOB_GAVOC_07169,100.0,1,False
GLOB2_1045,GLOB_GAVOC_07173,100.0,1,False
GLOB2_1292,GLOB_GAVOC_07191,100.0,1,True
GLOB2_902,GLOB_GAVOC_07194,100.0,1,False
GLOB_82,GLOB_GAVOC_07203,100.0,1,False
NR_58,GLOB_GAVOC_07212,92.3076923076923,1,False
NR_18 ,GLOB_GAVOC_07223,100.0,1,False
NR_22,GLOB_GAVOC_07223,88.88888888888889,1,False
NR_18 ,GLOB_GAVOC_07224,100.0,1,False
NR_22,GLOB_GAVOC_07224,84.21052631578947,1,False
GLOB_RT_203,GLOB_GAVOC_07262,100.0,1,False
GLOB_RT_265,GLOB_GAVOC_07269,86.66666666666667,1,False
GLOB_RT_241,GLOB_GAVOC_07272,100.0,1,False
GLOB2_1300,GLOB_GAVOC_07273,100.0,1,False
GLOB_83,GLOB_GAVOC_07281,88.88888888888889,1,False
GLOB_RT_147,GLOB_GAVOC_07300,100.0,1,False
GLOB_346,GLOB_GAVOC_07301,100.0,1,False
GLOB2_1550,GLOB_GAVOC_07302,100.0,1,False
GLOB_667,GLOB_GAVOC_07305,90.0,1,False
GLOB_667_GEO_1,GLOB_GAVOC_07305,90.0,1,False
GLOB_667_HUM_1,GLOB_GAVOC_07305,90.0,1,False
GLOB_RT_116,GLOB_GAVOC_07305,84.21052631578947,1,False
GLOB_370,GLOB_GAVOC_07309,100.0,1,False
GLOB_E_22,GLOB_GAVOC_07322,100.0,1,False
GLOB_E_21,GLOB_GAVOC_07326,100.0,1,False
GLOB_RT_134,GLOB_GAVOC_07332,100.0,1,False
GLOB2_1669,GLOB_GAVOC_07340,100.0,1,False
GLOB_153,GLOB_GAVOC_07340,100.0,1,False
GLOB_PY_11,GLOB_GAVOC_07354,100.0,1,False
GLOB_RT_134,GLOB_GAVOC_07372,100.0,1,True
GLOB_RT_160,GLOB_GAVOC_07379,100.0,1,False
GLOB_666,GLOB_GAVOC_07404,100.0,1,False
GLOB_RT_163,GLOB_GAVOC_07409,100.0,1,False
GLOB2_1857,GLOB_GAVOC_07422,100.0,1,False
NR_74_GEO_1,GLOB_GAVOC_07425,100.0,1,True
GLOB2_1498,GLOB_GAVOC_07450,100.0,1,False
GLOB_198,GLOB_GAVOC_07455,100.0,1,False
NR_105,GLOB_GAVOC_07469,90.9090909090909,1,False
GLOB_256,GLOB_GAVOC_07475,100.0,1,False
GLOB_256_GEO_1,GLOB_GAVOC_07475,82.35294117647058,1,False
GLOB_256_HUM_1,GLOB_GAVOC_07475,100.0,1,False
GLOB2_1062,GLOB_GAVOC_07485,100.0,1,False
GLOB_224,GLOB_GAVOC_07492,88.88888888888889,1,False
GLOB_84,GLOB_GAVOC_07518,100.0,1,False
GLOB_224,GLOB_GAVOC_07519,100.0,1,True
GLOB2_1080,GLOB_GAVOC_07529,100.0,1,False
GLOB2_E_22,GLOB_GAVOC_07536,100.0,1,False
GLOB2_E_22,GLOB_GAVOC_07537,100.0,1,False
GLOB_414,GLOB_GAVOC_07546,87.5,1,False
GLOB_RT_31,GLOB_GAVOC_07573,100.0,1,False
GLOB_E_25,GLOB_GAVOC_07579,90.9090909090909,1,False
GLOB_E_25_HUM_1,GLOB_GAVOC_07579,90.9090909090909,1,False
GLOB_E_25_HUM_2,GLOB_GAVOC_07579,90.9090909090909,1,False
GLOB_NB_129,GLOB_GAVOC_07579,100.0,1,False
GLOB_85,GLOB_GAVOC_07582,100.0,1,False
GLOB2_1211,GLOB_GAVOC_07591,100.0,1,False
GLOB_198,GLOB_GAVOC_07617,100.0,1,False
GLOB2_1232,GLOB_GAVOC_07629,88.88888888888889,1,False
GLOB2_933,GLOB_GAVOC_07630,100.0,1,False
GLOB2_933,GLOB_GAVOC_07632,100.0,1,False
GLOB2_1393,GLOB_GAVOC_07638,100.0,1,False
GLOB2_1020,GLOB_GAVOC_07645,90.9090909090909,1,False
GLOB_388,GLOB_GAVOC_07674,100.0,1,True
GLOB_388,GLOB_GAVOC_07676,100.0,1,False
GLOB2_1555,GLOB_GAVOC_07681,85.71428571428572,1,False
NR_81,GLOB_GAVOC_07684,100.0,1,False
GLOB_NB_134,GLOB_GAVOC_07687,95.23809523809523,1,False
GLOB2_1228,GLOB_GAVOC_07715,100.0,1,True
GLOB_RT_24,GLOB_GAVOC_07731,100.0,1,False
GLOB_PY_6,GLOB_GAVOC_07752,83.33333333333334,1,False
GLOB_E_53,GLOB_GAVOC_07755,100.0,1,False
GLOB2_1031,GLOB_GAVOC_07770,100.0,1,False
GLOB_NB_134,GLOB_GAVOC_07781,91.66666666666666,1,False
GLOB2_1834,GLOB_GAVOC_07796,100.0,1,False
GLOB_E_53,GLOB_GAVOC_07796,83.33333333333334,1,False
GLOB2_1393,GLOB_GAVOC_07802,100.0,1,False
GLOB2_1393,GLOB_GAVOC_07803,100.0,1,False
GLOB2_1393,GLOB_GAVOC_07804,100.0,1,False
GLOB_BN_142,GLOB_GAVOC_07818,100.0,1,False
GLOB_656,GLOB_GAVOC_07835,100.0,1,False
GLOB_656,GLOB_GAVOC_07842,100.0,1,False
GLOB_381,GLOB_GAVOC_07879,100.0,1,False
GLOB_662,GLOB_GAVOC_07927,100.0,1,False
GLOB_200,GLOB_GAVOC_07960,100.0,1,False
GLOB2_942,GLOB_GAVOC_07971,100.0,1,False
GLOB_RT_152,GLOB_GAVOC_07997,100.0,1,False
GLOB_378,GLOB_GAVOC_08020,100.0,1,False
GLOB_87,GLOB_GAVOC_08024,100.0,1,True
GLOB_317,GLOB_GAVOC_08042,100.0,1,False
GLOB_608,GLOB_GAVOC_08058,100.0,1,False
GLOB2_1613,GLOB_GAVOC_08086,100.0,1,True
GLOB_673,GLOB_GAVOC_08100,100.0,1,False
GLOB_673_GEO_1,GLOB_GAVOC_08100,100.0,1,False
GLOB_673_HUM_1,GLOB_GAVOC_08100,100.0,1,False
GLOB_RT_82,GLOB_GAVOC_08114,100.0,1,False
GLOB_RT_82,GLOB_GAVOC_08115,100.0,1,False
GLOB2_E_115,GLOB_GAVOC_08123,83.33333333333334,1,False
GLOB_RT_131,GLOB_GAVOC_08124,100.0,1,False
GLOB_90,GLOB_GAVOC_08130,100.0,1,False
GLOB2_1870,GLOB_GAVOC_08137,100.0,1,False
GLOB_284,GLOB_GAVOC_08137,100.0,1,False
GLOB2_E_164,GLOB_GAVOC_08138,100.0,1,True
GLOB_143,GLOB_GAVOC_08139,100.0,1,False
GLOB_E_54,GLOB_GAVOC_08142,100.0,1,True
GLOB2_1683,GLOB_GAVOC_08172,91.66666666666666,1,True
GLOB_306,GLOB_GAVOC_08175,100.0,1,False
GLOB_83,GLOB_GAVOC_08210,100.0,1,False
GLOB2_936,GLOB_GAVOC_08267,100.0,1,False
GLOB2_936,GLOB_GAVOC_08272,100.0,1,False
GLOB_RT_110,GLOB_GAVOC_08273,82.75862068965517,1,True
GLOB_214,GLOB_GAVOC_08279,100.0,1,False
GLOB_617,GLOB_GAVOC_08292,100.0,1,False
GLOB2_1349,GLOB_GAVOC_08308,100.0,1,True
GLOB2_1473,GLOB_GAVOC_08326,100.0,1,False
GLOB2_1376,GLOB_GAVOC_08339,100.0,1,True
GLOB_RT_202,GLOB_GAVOC_08349,100.0,1,False
GLOB2_995,GLOB_GAVOC_08366,100.0,1,True
GLOB_RT_179,GLOB_GAVOC_08376,100.0,1,True
GLOB2_1514,GLOB_GAVOC_08385,94.44444444444444,1,False
GLOB_94,GLOB_GAVOC_08390,100.0,1,False
GLOB_94,GLOB_GAVOC_08391,100.0,1,False
GLOB_E_33,GLOB_GAVOC_08409,100.0,1,False
GLOB_E_33_HUM_1,GLOB_GAVOC_08409,100.0,1,False
GLOB_E_33_HUM_2,GLOB_GAVOC_08409,100.0,1,False
GLOB_E_33_HUM_3,GLOB_GAVOC_08409,100.0,1,False
GLOB_451,GLOB_GAVOC_08425,100.0,1,False
GLOB2_1598,GLOB_GAVOC_08426,100.0,no_coordinates,False
GLOB2_1744,GLOB_GAVOC_08443,100.0,1,True
GLOB_374,GLOB_GAVOC_08452,82.35294117647058,1,False
GLOB_530,GLOB_GAVOC_08457,91.66666666666666,1,False
GLOB_96,GLOB_GAVOC_08457,100.0,1,False
GLOB_97,GLOB_GAVOC_08467,100.0,1,False
GLOB2_1342,GLOB_GAVOC_08470,100.0,1,False
GLOB2_1673,GLOB_GAVOC_08489,83.33333333333334,1,False
GLOB_183,GLOB_GAVOC_08489,83.33333333333334,1,False
GLOB2_E_168,GLOB_GAVOC_08496,100.0,1,False
GLOB_121,GLOB_GAVOC_08503,100.0,1,False
GLOB2_1238,GLOB_GAVOC_08511,100.0,1,False
GLOB2_967,GLOB_GAVOC_08521,100.0,1,True
GLOB2_1273,GLOB_GAVOC_08529,100.0,1,True
GLOB_RT_256,GLOB_GAVOC_08549,100.0,1,True
GLOB_RT_256,GLOB_GAVOC_08551,100.0,1,True
GLOB2_1119,GLOB_GAVOC_08553,83.33333333333334,1,False
GLOB_456,GLOB_GAVOC_08554,100.0,1,False
GLOB_456,GLOB_GAVOC_08560,100.0,1,False
GLOB_456,GLOB_GAVOC_08561,100.0,1,False
GLOB_927,GLOB_GAVOC_08582,100.0,1,False
GLOB2_E_59,GLOB_GAVOC_08584,100.0,1,False
GLOB2_1842,GLOB_GAVOC_08595,100.0,1,False
GLOB_229,GLOB_GAVOC_08614,100.0,1,False
GLOB2_1457,GLOB_GAVOC_08618,100.0,1,False
GLOB2_1457,GLOB_GAVOC_08619,100.0,1,False
GLOB2_1021,GLOB_GAVOC_08646,100.0,1,True
GLOB2_1128,GLOB_GAVOC_08650,100.0,1,False
GLOB2_1128,GLOB_GAVOC_08651,100.0,1,False
GLOB_PY_22,GLOB_GAVOC_08661,100.0,1,True
GLOB_PY_22,GLOB_GAVOC_08666,100.0,1,True
GLOB_55,GLOB_GAVOC_08688,100.0,1,False
GLOB_RT_118,GLOB_GAVOC_08706,100.0,1,False
GLOB_452,GLOB_GAVOC_08709,88.88888888888889,1,False
GLOB_452,GLOB_GAVOC_08711,100.0,1,False
GLOB_RT_178,GLOB_GAVOC_08754,100.0,1,True
GLOB_231,GLOB_GAVOC_08761,97.14285714285714,1,False
GLOB2_1448,GLOB_GAVOC_08788,100.0,1,False
GLOB_RT_91,GLOB_GAVOC_08798,100.0,1,False
GLOB_RT_120,GLOB_GAVOC_08824,83.33333333333334,1,False
GLOB2_E_114,GLOB_GAVOC_08832,100.0,1,True
GLOB_539,GLOB_GAVOC_08843,100.0,1,False
GLOB2_1603,GLOB_GAVOC_08861,100.0,1,False
GLOB2_1766,GLOB_GAVOC_08880,94.73684210526316,1,False
GLOB2_1036,GLOB_GAVOC_08911,88.88888888888889,1,False
GLOB2_1036,GLOB_GAVOC_08912,84.21052631578947,1,False
GLOB_101,GLOB_GAVOC_08915,100.0,1,False
GLOB_E_53,GLOB_GAVOC_08915,100.0,1,False
GLOB_101,GLOB_GAVOC_08918,100.0,1,False
GLOB_E_53,GLOB_GAVOC_08918,100.0,1,False
GLOB2_E_189,GLOB_GAVOC_08935,100.0,1,True
GLOB_PY_8,GLOB_GAVOC_08937,85.71428571428572,1,True
GLOB2_1424,GLOB_GAVOC_08938,100.0,1,False
GLOB2_1599,GLOB_GAVOC_08980,100.0,1,False
GLOB_PY_10,GLOB_GAVOC_08982,100.0,1,True
GLOB_RT_87,GLOB_GAVOC_08992,100.0,1,False
GLOB_138,GLOB_GAVOC_08995,100.0,1,False
GLOB_E_35,GLOB_GAVOC_09001,100.0,1,False
GLOB_E_35_HUM_1,GLOB_GAVOC_09001,100.0,1,False
GLOB_E_35_HUM_2,GLOB_GAVOC_09001,100.0,1,False
GLOB_203,GLOB_GAVOC_09049,100.0,1,False
GLOB_936,GLOB_GAVOC_09056,100.0,1,False
GLOB2_1828,GLOB_GAVOC_09066,100.0,1,False
GLOB2_1828,GLOB_GAVOC_09068,100.0,1,False
GLOB2_946,GLOB_GAVOC_09075,100.0,1,True
GLOB2_946,GLOB_GAVOC_09076,100.0,1,True
GLOB_105,GLOB_GAVOC_09108,100.0,1,False
GLOB_105,GLOB_GAVOC_09109,100.0,1,False
GLOB2_1448,GLOB_GAVOC_09113,100.0,1,False
GLOB_RT_132,GLOB_GAVOC_09119,100.0,1,False
GLOB_608,GLOB_GAVOC_09129,100.0,1,False
GLOB_437,GLOB_GAVOC_09138,100.0,no_coordinates,False
GLOB2_1676,GLOB_GAVOC_09159,100.0,1,True
GLOB_287,GLOB_GAVOC_09205,100.0,1,False
NR_227,GLOB_GAVOC_09239,90.32258064516128,1,False
GLOB_148,GLOB_GAVOC_09264,82.35294117647058,1,False
GLOB_148_HUM_1,GLOB_GAVOC_09264,82.35294117647058,1,False
GLOB_148_HUM_2,GLOB_GAVOC_09264,82.35294117647058,1,False
GLOB_530,GLOB_GAVOC_09264,100.0,1,False
GLOB_96,GLOB_GAVOC_09264,83.33333333333334,1,False
GLOB2_1808,GLOB_GAVOC_09284,100.0,1,False
GLOB2_1122,GLOB_GAVOC_09302,100.0,1,False
GLOB_616,GLOB_GAVOC_09311,100.0,1,False
GLOB_BN_156,GLOB_GAVOC_09320,100.0,1,False
GLOB_BN_156,GLOB_GAVOC_09321,100.0,1,False
GLOB2_947,GLOB_GAVOC_09332,100.0,1,True
GLOB_460,GLOB_GAVOC_09343,100.0,1,False
GLOB_437,GLOB_GAVOC_09350,100.0,1,False
GLOB2_E_197,GLOB_GAVOC_09356,100.0,1,False
GLOB2_E_197,GLOB_GAVOC_09357,85.71428571428572,1,False
GLOB2_1319,GLOB_GAVOC_09389,100.0,1,False
GLOB_100,GLOB_GAVOC_09397,100.0,1,False
GLOB_100,GLOB_GAVOC_09398,100.0,1,False
GLOB2_E_186,GLOB_GAVOC_09399,100.0,1,False
GLOB2_1906,GLOB_GAVOC_09412,100.0,1,False
GLOB2_1859,GLOB_GAVOC_09415,100.0,1,False
GLOB_840,GLOB_GAVOC_09428,100.0,1,False
GLOB_108,GLOB_GAVOC_09439,100.0,1,False
GLOB_747,GLOB_GAVOC_09449,100.0,1,False
GLOB_614,GLOB_GAVOC_09450,100.0,1,False
GLOB_614_GEO_1,GLOB_GAVOC_09450,100.0,1,False
GLOB_614_HUM_1,GLOB_GAVOC_09450,100.0,1,False
GLOB_PY_13,GLOB_GAVOC_09460,93.33333333333333,1,False
GLOB_PY_13,GLOB_GAVOC_09462,100.0,1,False
GLOB_RT_31,GLOB_GAVOC_09520,100.0,1,False
GLOB_RT_31,GLOB_GAVOC_09526,85.71428571428572,1,False
GLOB_361,GLOB_GAVOC_09531,100.0,1,False
GLOB_192,GLOB_GAVOC_09535,100.0,1,False
GLOB2_1038,GLOB_GAVOC_09539,100.0,1,False
GLOB2_1038_GEO_1,GLOB_GAVOC_09539,100.0,1,False
GLOB2_1038_HUM_1,GLOB_GAVOC_09539,100.0,1,False
GLOB2_1117,GLOB_GAVOC_09540,93.33333333333333,1,False
GLOB2_1716,GLOB_GAVOC_09550,100.0,1,False
GLOB_361,GLOB_GAVOC_09555,100.0,1,False
GLOB_361,GLOB_GAVOC_09556,100.0,1,False
GLOB_PY_28,GLOB_GAVOC_09560,87.5,1,False
GLOB_640,GLOB_GAVOC_09584,83.33333333333334,1,False
GLOB_463,GLOB_GAVOC_09586,100.0,1,False
GLOB_463,GLOB_GAVOC_09588,100.0,1,False
GLOB_867,GLOB_GAVOC_09611,100.0,1,False
GLOB_867_HUM_1,GLOB_GAVOC_09611,100.0,1,False
GLOB_867_HUM_2,GLOB_GAVOC_09611,100.0,1,False
GLOB2_1041,GLOB_GAVOC_09615,100.0,1,False
GLOB2_1041_HUM_1,GLOB_GAVOC_09615,100.0,1,False
GLOB2_1041_HUM_2,GLOB_GAVOC_09615,100.0,1,False
GLOB_BN_08,GLOB_GAVOC_09625,100.0,1,False
GLOB_640,GLOB_GAVOC_09631,83.33333333333334,1,False
GLOB_640,GLOB_GAVOC_09632,83.33333333333334,1,False
GLOB_613,GLOB_GAVOC_09639,100.0,1,False
GLOB_457,GLOB_GAVOC_09641,100.0,1,False
GLOB_457_HUM_1,GLOB_GAVOC_09641,100.0,1,False
GLOB_457_HUM_2,GLOB_GAVOC_09641,100.0,1,False
GLOB_864,GLOB_GAVOC_09651,100.0,1,False
GLOB_700,GLOB_GAVOC_09680,100.0,1,False
GLOB_700_GEO_1,GLOB_GAVOC_09680,100.0,1,False
GLOB_700_HUM_1,GLOB_GAVOC_09680,100.0,1,False
GLOB2_900,GLOB_GAVOC_09683,100.0,1,False
GLOB2_900_GEO_1,GLOB_GAVOC_09683,100.0,1,True
GLOB2_900_HUM_1,GLOB_GAVOC_09683,100.0,1,False
GLOB2_E_18,GLOB_GAVOC_09683,100.0,1,False
GLOB_RT_168,GLOB_GAVOC_09685,100.0,1,True
GLOB_633,GLOB_GAVOC_09698,100.0,1,False
GLOB2_1131,GLOB_GAVOC_09706,100.0,1,True
GLOB_425,GLOB_GAVOC_09711,100.0,1,False
GLOB_458,GLOB_GAVOC_09715,100.0,1,False
GLOB_458,GLOB_GAVOC_09721,100.0,1,False
GLOB_37,GLOB_GAVOC_09723,100.0,1,False
GLOB_919,GLOB_GAVOC_09723,95.65217391304348,1,False
GLOB_RT_76,GLOB_GAVOC_09729,100.0,1,False
GLOB_347,GLOB_GAVOC_09733,100.0,1,True
GLOB2_1018,GLOB_GAVOC_09745,100.0,1,False
GLOB2_1018,GLOB_GAVOC_09750,90.9090909090909,1,False
GLOB_790,GLOB_GAVOC_09751,83.33333333333334,1,False
GLOB_615,GLOB_GAVOC_09763,100.0,1,False
GLOB_426,GLOB_GAVOC_09764,87.5,1,False
GLOB_920,GLOB_GAVOC_09769,100.0,1,False
GLOB2_900,GLOB_GAVOC_09792,100.0,1,False
GLOB2_900_GEO_1,GLOB_GAVOC_09792,100.0,1,False
GLOB2_900_HUM_1,GLOB_GAVOC_09792,100.0,1,False
GLOB2_E_18,GLOB_GAVOC_09792,100.0,1,False
GLOB_RT_10,GLOB_GAVOC_09804,88.0,1,True
GLOB_684,GLOB_GAVOC_09811,100.0,1,False
GLOB_E_31,GLOB_GAVOC_09812,100.0,1,False
GLOB_E_31_HUM_1,GLOB_GAVOC_09812,100.0,1,False
GLOB_E_31_HUM_2,GLOB_GAVOC_09812,100.0,1,False
GLOB_258,GLOB_GAVOC_09833,100.0,1,False
GLOB_RT_87,GLOB_GAVOC_09834,100.0,1,False
GLOB_RT_87,GLOB_GAVOC_09835,100.0,1,False
GLOB2_1441,GLOB_GAVOC_09838,100.0,1,False
GLOB2_1759,GLOB_GAVOC_09851,100.0,1,False
GLOB_107,GLOB_GAVOC_09854,100.0,1,False
GLOB2_1549,GLOB_GAVOC_09860,100.0,1,True
GLOB2_1549,GLOB_GAVOC_09861,100.0,1,True
GLOB2_1549,GLOB_GAVOC_09863,100.0,1,True
GLOB2_1855,GLOB_GAVOC_09869,100.0,1,False
GLOB_BN_97,GLOB_GAVOC_09878,100.0,1,False
GLOB2_E_12,GLOB_GAVOC_09890,87.5,1,False
GLOB_426,GLOB_GAVOC_09895,84.21052631578947,1,False
GLOB_422,GLOB_GAVOC_09905,83.33333333333334,1,False
GLOB_422,GLOB_GAVOC_09908,100.0,1,False
GLOB_NB_136,GLOB_GAVOC_09930,93.33333333333333,1,False
GLOB2_1855,GLOB_GAVOC_09931,100.0,1,False
GLOB_105,GLOB_GAVOC_09947,83.33333333333334,1,False
GLOB_114,GLOB_GAVOC_09957,100.0,1,False
GLOB_456,GLOB_GAVOC_09964,85.71428571428572,1,False
GLOB_292,GLOB_GAVOC_09969,100.0,1,False
GLOB_140,GLOB_GAVOC_09975,100.0,1,False
GLOB2_1655,GLOB_GAVOC_09984,93.33333333333333,1,False
GLOB_699,GLOB_GAVOC_09988,100.0,1,False
GLOB_231,GLOB_GAVOC_10003,100.0,1,False
GLOB_PY_15,GLOB_GAVOC_10016,100.0,1,True
GLOB_PY_16,GLOB_GAVOC_10016,88.88888888888889,1,False
GLOB_430,GLOB_GAVOC_10029,100.0,1,False
GLOB2_1217,GLOB_GAVOC_10040,100.0,1,True
GLOB_E_42,GLOB_GAVOC_10059,100.0,1,False
GLOB2_1536,GLOB_GAVOC_10110,85.71428571428572,1,False
GLOB2_1531,GLOB_GAVOC_10115,100.0,1,False
GLOB2_E_211,GLOB_GAVOC_10116,100.0,1,True
GLOB2_1672,GLOB_GAVOC_10117,100.0,1,False
GLOB2_1248,GLOB_GAVOC_10123,100.0,1,False
GLOB_185,GLOB_GAVOC_10127,84.21052631578947,1,False
GLOB_635,GLOB_GAVOC_10127,100.0,1,False
GLOB_109,GLOB_GAVOC_10142,100.0,1,False
NR_25,GLOB_GAVOC_10153,100.0,1,False
NR_235,GLOB_GAVOC_10157,100.0,1,False
GLOB_164,GLOB_GAVOC_10164,100.0,1,False
GLOB_164_HUM_1,GLOB_GAVOC_10164,96.2962962962963,1,False
GLOB_164_HUM_2,GLOB_GAVOC_10164,100.0,1,False
GLOB2_1667,GLOB_GAVOC_10166,100.0,1,False
GLOB2_1667,GLOB_GAVOC_10167,100.0,1,False
GLOB_420,GLOB_GAVOC_10170,100.0,1,False
GLOB_420,GLOB_GAVOC_10171,100.0,1,False
GLOB_599_GEO_1,GLOB_GAVOC_10178,100.0,1,False
GLOB_682,GLOB_GAVOC_10183,100.0,1,False
GLOB_164,GLOB_GAVOC_10187,100.0,1,False
GLOB_164_HUM_1,GLOB_GAVOC_10187,96.2962962962963,1,False
GLOB_164_HUM_2,GLOB_GAVOC_10187,100.0,1,False
NR_245,GLOB_GAVOC_10194,100.0,1,False
GLOB_111,GLOB_GAVOC_10196,100.0,1,False
GLOB2_1758,GLOB_GAVOC_10204,100.0,1,False
GLOB_111,GLOB_GAVOC_10215,100.0,1,False
GLOB2_E_37,GLOB_GAVOC_10236,100.0,1,True
GLOB_629,GLOB_GAVOC_10245,100.0,1,False
GLOB_905,GLOB_GAVOC_10245,100.0,1,False
GLOB_905_GEO_1,GLOB_GAVOC_10245,100.0,1,False
GLOB_905_HUM_1,GLOB_GAVOC_10245,100.0,1,False
GLOB2_E_246,GLOB_GAVOC_10260,100.0,1,True
GLOB2_1892,GLOB_GAVOC_10276,100.0,1,False
GLOB_442,GLOB_GAVOC_10290,100.0,1,False
GLOB_426,GLOB_GAVOC_10326,94.11764705882352,1,False
GLOB_RT_187,GLOB_GAVOC_10353,100.0,1,False
GLOB_PY_37,GLOB_GAVOC_10383,100.0,1,True
GLOB_864,GLOB_GAVOC_10398,100.0,1,False
GLOB_864,GLOB_GAVOC_10399,100.0,1,False
GLOB2_1110,GLOB_GAVOC_10438,88.88888888888889,1,False
GLOB_NB_132,GLOB_GAVOC_10446,92.3076923076923,1,False
GLOB_622,GLOB_GAVOC_10453,100.0,1,False
GLOB_242,GLOB_GAVOC_10500,100.0,1,False
GLOB_242,GLOB_GAVOC_10501,100.0,1,False
GLOB_242,GLOB_GAVOC_10502,100.0,1,False
GLOB_BN_103,GLOB_GAVOC_10521,94.73684210526316,no_coordinates,False
GLOB_RT_52,GLOB_GAVOC_10551,100.0,1,False
GLOB_866,GLOB_GAVOC_10627,100.0,1,False
GLOB_866_HUM_1,GLOB_GAVOC_10627,100.0,1,False
GLOB_866_HUM_2,GLOB_GAVOC_10627,100.0,1,False
GLOB_PY_30,GLOB_GAVOC_10633,100.0,1,False
GLOB2_1702,GLOB_GAVOC_10643,100.0,1,True
GLOB2_975,GLOB_GAVOC_10672,100.0,1,False
GLOB_358,GLOB_GAVOC_10676,100.0,1,False
GLOB2_1488,GLOB_GAVOC_10685,100.0,1,False
GLOB_RT_137,GLOB_GAVOC_10687,100.0,1,False
GLOB_678,GLOB_GAVOC_10742,100.0,1,False
GLOB_678,GLOB_GAVOC_10745,100.0,1,False
GLOB_678,GLOB_GAVOC_10751,100.0,1,False
GLOB_NB_135,GLOB_GAVOC_10752,100.0,1,False
GLOB_NB_135,GLOB_GAVOC_10754,100.0,1,False
GLOB_908,GLOB_GAVOC_10756,85.71428571428572,1,False
GLOB_623,GLOB_GAVOC_10770,100.0,1,False
GLOB_502,GLOB_GAVOC_10772,82.35294117647058,1,False
GLOB_785,GLOB_GAVOC_10777,100.0,1,False
GLOB_877,GLOB_GAVOC_10799,100.0,1,False
GLOB_877A,GLOB_GAVOC_10799,88.23529411764706,1,False
GLOB_877B,GLOB_GAVOC_10799,100.0,1,False
GLOB_NB_135,GLOB_GAVOC_10808,100.0,1,False
GLOB2_930,GLOB_GAVOC_10842,100.0,1,False
GLOB_8,GLOB_GAVOC_10867,100.0,1,False
GLOB_8,GLOB_GAVOC_10868,100.0,1,False
GLOB2_1678,GLOB_GAVOC_10876,100.0,1,False
GLOB_628,GLOB_GAVOC_10885,100.0,1,False
GLOB_628,GLOB_GAVOC_10886,100.0,1,False
GLOB_163,GLOB_GAVOC_10900,100.0,1,False
GLOB_163,GLOB_GAVOC_10901,100.0,1,False
GLOB_459,GLOB_GAVOC_10905,100.0,1,False
GLOB_440,GLOB_GAVOC_10906,100.0,1,True
GLOB2_1053,GLOB_GAVOC_10922,85.71428571428572,1,False
GLOB_RT_205,GLOB_GAVOC_10938,100.0,1,False
GLOB2_1781,GLOB_GAVOC_10946,100.0,1,False
GLOB_775,GLOB_GAVOC_10950,100.0,1,False
GLOB_RT_135,GLOB_GAVOC_10950,100.0,1,False
GLOB_79,GLOB_GAVOC_10975,100.0,1,False
GLOB_183,GLOB_GAVOC_10992,100.0,no_coordinates,False
GLOB_800,GLOB_GAVOC_10992,90.9090909090909,no_coordinates,False
GLOB_RT_176,GLOB_GAVOC_11019,100.0,1,False
GLOB_183,GLOB_GAVOC_11023,83.33333333333334,1,False
GLOB_RT_129,GLOB_GAVOC_11042,100.0,1,False
GLOB_504,GLOB_GAVOC_11052,100.0,1,False
GLOB_330,GLOB_GAVOC_11064,87.5,1,False
GLOB_RT_148,GLOB_GAVOC_11080,100.0,1,False
GLOB_508,GLOB_GAVOC_80058,100.0,no_coordinates,False
GLOB_508,GLOB_GAVOC_80103,100.0,no_coordinates,False
GLOB2_1739,GLOB_GAVOC_80155,90.9090909090909,no_coordinates,False
GLOB_RT_221,GLOB_GAVOC_80227,100.0,no_coordinates,False
GLOB2_937,GLOB_GAVOC_80273,100.0,no_coordinates,False
GLOB_RT_177,GLOB_GAVOC_80273,100.0,no_coordinates,True
GLOB2_937,GLOB_GAVOC_80274,100.0,no_coordinates,False
GLOB_RT_177,GLOB_GAVOC_80274,100.0,no_coordinates,True
GLOB2_937,GLOB_GAVOC_80285,100.0,no_coordinates,False
GLOB_RT_177,GLOB_GAVOC_80285,100.0,no_coordinates,True
GLOB2_1385,GLOB_GAVOC_80339,90.9090909090909,no_coordinates,False
GLOB_211,GLOB_GAVOC_80343,91.66666666666666,no_coordinates,False
GLOB2_1576,GLOB_GAVOC_80365,90.9090909090909,no_coordinates,False
GLOB_RT_171,GLOB_GAVOC_80614,100.0,no_coordinates,False
GLOB_11,GLOB_GAVOC_80741,90.9090909090909,no_coordinates,False
GLOB2_1363,GLOB_GAVOC_80779,92.3076923076923,no_coordinates,False
GLOB_115,GLOB_GAVOC_80779,100.0,no_coordinates,False
GLOB2_923,GLOB_GAVOC_80841,90.9090909090909,no_coordinates,False
NR_221,GLOB_GAVOC_80852,100.0,no_coordinates,False
NR_221,GLOB_GAVOC_80853,100.0,no_coordinates,False
GLOB2_1278,GLOB_GAVOC_80928,90.9090909090909,no_coordinates,False
GLOB2_899,GLOB_GAVOC_80928,90.9090909090909,no_coordinates,False
GLOB_14,GLOB_GAVOC_80928,90.9090909090909,no_coordinates,False
GLOB_583,GLOB_GAVOC_80971,90.9090909090909,no_coordinates,False
GLOB2_1881,GLOB_GAVOC_80974,90.9090909090909,no_coordinates,False
GLOB_16,GLOB_GAVOC_81029,100.0,no_coordinates,False
GLOB_RT_211,GLOB_GAVOC_81064,100.0,no_coordinates,False
GLOB2_1730,GLOB_GAVOC_81082,100.0,no_coordinates,False
GLOB_502,GLOB_GAVOC_81123,93.33333333333333,no_coordinates,False
GLOB2_907,GLOB_GAVOC_81126,100.0,no_coordinates,False
GLOB_RT_233,GLOB_GAVOC_81176,100.0,no_coordinates,False
GLOB_601,GLOB_GAVOC_81242,100.0,no_coordinates,False
GLOB_601,GLOB_GAVOC_81243,100.0,no_coordinates,False
GLOB2_1336,GLOB_GAVOC_81252,90.9090909090909,no_coordinates,False
GLOB2_1336,GLOB_GAVOC_81254,90.9090909090909,no_coordinates,False
GLOB2_1336,GLOB_GAVOC_81255,90.9090909090909,no_coordinates,False
GLOB_NB_211,GLOB_GAVOC_81288,100.0,no_coordinates,False
GLOB_480,GLOB_GAVOC_81342,92.3076923076923,no_coordinates,False
GLOB_480,GLOB_GAVOC_81343,92.3076923076923,no_coordinates,False
GLOB_115,GLOB_GAVOC_81348,90.9090909090909,no_coordinates,False
GLOB2_1159,GLOB_GAVOC_81391,90.9090909090909,no_coordinates,False
GLOB2_1159,GLOB_GAVOC_81392,90.9090909090909,no_coordinates,False
GLOB2_1756,GLOB_GAVOC_81420,95.23809523809523,no_coordinates,False
GLOB2_1756,GLOB_GAVOC_81421,90.0,no_coordinates,False
GLOB2_914,GLOB_GAVOC_81497,90.9090909090909,no_coordinates,False
GLOB2_E_240,GLOB_GAVOC_81497,90.9090909090909,no_coordinates,False
GLOB_PY_21,GLOB_GAVOC_81497,90.9090909090909,no_coordinates,False
GLOB_RT_57,GLOB_GAVOC_81726,100.0,no_coordinates,False
GLOB_BN_18,GLOB_GAVOC_81740,90.9090909090909,no_coordinates,False
GLOB_RT_155,GLOB_GAVOC_81792,100.0,no_coordinates,True
GLOB_RT_136,GLOB_GAVOC_81797,100.0,no_coordinates,False
GLOB_RT_235,GLOB_GAVOC_81954,100.0,no_coordinates,False
GLOB_70,GLOB_GAVOC_81977,90.0,no_coordinates,False
GLOB2_E_15,GLOB_GAVOC_82135,100.0,no_coordinates,False
GLOB_800,GLOB_GAVOC_82135,100.0,no_coordinates,False
GLOB_593,GLOB_GAVOC_82190,100.0,no_coordinates,False
GLOB_878,GLOB_GAVOC_82219,92.3076923076923,no_coordinates,False
GLOB_878_HUM_1,GLOB_GAVOC_82219,92.3076923076923,no_coordinates,False
GLOB_878_HUM_2,GLOB_GAVOC_82219,92.3076923076923,no_coordinates,False
GLOB_548,GLOB_GAVOC_82540,94.11764705882352,no_coordinates,False
GLOB2_E_259,GLOB_GAVOC_82706,93.33333333333333,no_coordinates,False
GLOB_348,GLOB_GAVOC_82794,90.9090909090909,no_coordinates,False
GLOB_RT_263,GLOB_GAVOC_82799,100.0,no_coordinates,False
GLOB_898,GLOB_GAVOC_82870,100.0,no_coordinates,False
GLOB_RT_236,GLOB_GAVOC_82871,100.0,no_coordinates,False
GLOB_RT_182,GLOB_GAVOC_83035,90.9090909090909,no_coordinates,True
NR_196,GLOB_GAVOC_83141,90.0,no_coordinates,False
GLOB2_1670,GLOB_GAVOC_83469,100.0,no_coordinates,False
GLOB_RT_232,GLOB_GAVOC_83480,100.0,no_coordinates,False
GLOB2_1138,GLOB_GAVOC_83527,100.0,no_coordinates,False
GLOB_827,GLOB_GAVOC_83533,100.0,no_coordinates,False
GLOB_827,GLOB_GAVOC_83536,100.0,no_coordinates,False
GLOB_RT_207,GLOB_GAVOC_83544,100.0,no_coordinates,False
GLOB_52,GLOB_GAVOC_83635,93.33333333333333,no_coordinates,False
GLOB_563,GLOB_GAVOC_83636,100.0,no_coordinates,False
GLOB_RT_153,GLOB_GAVOC_83666,100.0,no_coordinates,True
GLOB2_1736,GLOB_GAVOC_83867,90.0,no_coordinates,False
GLOB2_1736,GLOB_GAVOC_83868,100.0,no_coordinates,False
GLOB2_1212,GLOB_GAVOC_83946,100.0,no_coordinates,False
GLOB_RT_184,GLOB_GAVOC_83946,100.0,no_coordinates,True
GLOB_538,GLOB_GAVOC_84150,96.0,no_coordinates,False
GLOB_538_HUM_1,GLOB_GAVOC_84150,96.0,no_coordinates,False
GLOB_538_HUM_2,GLOB_GAVOC_84150,96.0,no_coordinates,False
GLOB_538_HUM_3,GLOB_GAVOC_84150,96.0,no_coordinates,False
GLOB_BN_53,GLOB_GAVOC_84198,100.0,no_coordinates,False
GLOB_RT_254,GLOB_GAVOC_84203,94.11764705882352,no_coordinates,False
GLOB_835,GLOB_GAVOC_84210,100.0,no_coordinates,False
GLOB_314,GLOB_GAVOC_84267,90.9090909090909,no_coordinates,False
GLOB_RT_208,GLOB_GAVOC_84284,100.0,no_coordinates,False
GLOB2_E_229,GLOB_GAVOC_84291,100.0,no_coordinates,False
GLOB2_1673,GLOB_GAVOC_84349,100.0,no_coordinates,False
GLOB_263,GLOB_GAVOC_84402,94.11764705882352,no_coordinates,False
GLOB2_1695,GLOB_GAVOC_84406,100.0,no_coordinates,False
GLOB2_1673,GLOB_GAVOC_84507,92.3076923076923,no_coordinates,False
GLOB_282,GLOB_GAVOC_84514,90.9090909090909,no_coordinates,False
GLOB_282,GLOB_GAVOC_84533,100.0,no_coordinates,False
GLOB2_1795,GLOB_GAVOC_84551,93.33333333333333,no_coordinates,False
GLOB_599,GLOB_GAVOC_84866,92.3076923076923,no_coordinates,False
GLOB_599_GEO_1,GLOB_GAVOC_84866,92.3076923076923,no_coordinates,False
GLOB_599_HUM_1,GLOB_GAVOC_84866,92.3076923076923,no_coordinates,False
GLOB_599_HUM_2,GLOB_GAVOC_84866,92.3076923076923,no_coordinates,False
GLOB_E_7,GLOB_GAVOC_84866,90.9090909090909,no_coordinates,False
GLOB2_1471,GLOB_GAVOC_84957,90.9090909090909,no_coordinates,False
GLOB2_1471,GLOB_GAVOC_84958,90.9090909090909,no_coordinates,False
,GLOB_GAVOC_84979,100.0,no_coordinates,False
GLOB_296,GLOB_GAVOC_85003,94.11764705882352,no_coordinates,False
GLOB_259,GLOB_GAVOC_85007,92.3076923076923,no_coordinates,False
GLOB_736,GLOB_GAVOC_85022,90.9090909090909,no_coordinates,False
GLOB_295,GLOB_GAVOC_85066,95.65217391304348,no_coordinates,False
GLOB2_1811,GLOB_GAVOC_85126,100.0,no_coordinates,False
GLOB_541,GLOB_GAVOC_85262,90.9090909090909,no_coordinates,False
GLOB2_1594,GLOB_GAVOC_85322,100.0,no_coordinates,False
GLOB_99,GLOB_GAVOC_85327,90.9090909090909,no_coordinates,False
GLOB2_E_19,GLOB_GAVOC_85428,100.0,no_coordinates,False
GLOB_189,GLOB_GAVOC_85428,100.0,no_coordinates,False
GLOB2_E_19,GLOB_GAVOC_85429,100.0,no_coordinates,False
GLOB_189,GLOB_GAVOC_85429,100.0,no_coordinates,False
GLOB_RT_174,GLOB_GAVOC_85434,100.0,no_coordinates,False
GLOB_RT_257,GLOB_GAVOC_85464,92.3076923076923,no_coordinates,False
GLOB_RT_257,GLOB_GAVOC_85466,100.0,no_coordinates,False
GLOB_RT_257,GLOB_GAVOC_85467,100.0,no_coordinates,False
GLOB_RT_154,GLOB_GAVOC_85481,100.0,no_coordinates,False
GLOB2_1803,GLOB_GAVOC_85522,90.0,no_coordinates,False
GLOB2_897,GLOB_GAVOC_85563,100.0,no_coordinates,False
GLOB_RT_227,GLOB_GAVOC_85591,100.0,no_coordinates,False
GLOB_677,GLOB_GAVOC_85673,94.11764705882352,no_coordinates,False
GLOB_395,GLOB_GAVOC_85736,90.9090909090909,no_coordinates,False
GLOB_395,GLOB_GAVOC_85757,90.9090909090909,no_coordinates,False
GLOB_777,GLOB_GAVOC_85769,92.3076923076923,no_coordinates,False
GLOB2_975,GLOB_GAVOC_85784,92.3076923076923,no_coordinates,False
NR_27,GLOB_GAVOC_85785,100.0,no_coordinates,False
GLOB_RT_229,GLOB_GAVOC_85791,92.3076923076923,no_coordinates,False
GLOB_RT_117,GLOB_GAVOC_85892,100.0,no_coordinates,False
GLOB_RT_66,GLOB_GAVOC_85894,100.0,no_coordinates,False
GLOB2_1912,GLOB_GAVOC_86128,100.0,no_coordinates,False
GLOB2_961,GLOB_GAVOC_86128,100.0,no_coordinates,False
GLOB_RT_180,GLOB_GAVOC_86128,100.0,no_coordinates,True
GLOB_333,GLOB_GAVOC_86294,100.0,no_coordinates,False
GLOB2_E_132,GLOB_GAVOC_86296,90.9090909090909,no_coordinates,False
GLOB2_1050_GEO_2,GLOB_GAVOC_86334,100.0,no_coordinates,True
GLOB2_1050_GEO_2,GLOB_GAVOC_86337,100.0,no_coordinates,True
GLOB_265,GLOB_GAVOC_86410,100.0,no_coordinates,False
GLOB2_E_141,GLOB_GAVOC_86500,100.0,no_coordinates,False
GLOB_766,GLOB_GAVOC_86713,100.0,no_coordinates,False
GLOB_766,GLOB_GAVOC_86714,100.0,no_coordinates,False
GLOB_766,GLOB_GAVOC_86715,100.0,no_coordinates,False
GLOB_152,GLOB_GAVOC_86970,100.0,no_coordinates,False
GLOB_152,GLOB_GAVOC_86972,100.0,no_coordinates,False
GLOB_RT_65,GLOB_GAVOC_87062,100.0,no_coordinates,False
GLOB_RT_35,GLOB_GAVOC_87064,100.0,no_coordinates,False
,GLOB_GAVOC_87070,90.9090909090909,no_coordinates,False
,GLOB_GAVOC_87071,90.9090909090909,no_coordinates,False
GLOB_936,GLOB_GAVOC_87090,92.3076923076923,no_coordinates,False
GLOB_RT_12,GLOB_GAVOC_87110,100.0,no_coordinates,False
GLOB_RT_12,GLOB_GAVOC_87111,100.0,no_coordinates,False
GLOB2_905,GLOB_GAVOC_87112,92.3076923076923,no_coordinates,False
GLOB_RT_215,GLOB_GAVOC_87141,100.0,no_coordinates,False
GLOB_RT_146,GLOB_GAVOC_87162,100.0,no_coordinates,False
GLOB_RT_116,GLOB_GAVOC_87186,100.0,no_coordinates,False
NR_22,GLOB_GAVOC_87223,100.0,no_coordinates,False
GLOB_544,GLOB_GAVOC_87297,92.3076923076923,no_coordinates,False
GLOB2_905,GLOB_GAVOC_87312,92.3076923076923,no_coordinates,False
GLOB2_905,GLOB_GAVOC_87314,93.33333333333333,no_coordinates,False
GLOB_RT_138,GLOB_GAVOC_87332,90.9090909090909,no_coordinates,False
GLOB_544,GLOB_GAVOC_87347,90.9090909090909,no_coordinates,False
GLOB_544,GLOB_GAVOC_87348,90.9090909090909,no_coordinates,False
GLOB_183,GLOB_GAVOC_87379,94.73684210526316,no_coordinates,False
GLOB_E_22,GLOB_GAVOC_87400,100.0,no_coordinates,False
GLOB2_1857,GLOB_GAVOC_87422,100.0,no_coordinates,False
GLOB_RT_223,GLOB_GAVOC_87439,100.0,no_coordinates,False
GLOB_661,GLOB_GAVOC_87455,90.9090909090909,no_coordinates,False
GLOB2_1062,GLOB_GAVOC_87457,100.0,no_coordinates,False
GLOB2_1062,GLOB_GAVOC_87458,100.0,no_coordinates,False
GLOB_RT_120,GLOB_GAVOC_87467,100.0,no_coordinates,False
GLOB2_1272,GLOB_GAVOC_87473,90.9090909090909,no_coordinates,False
GLOB_84,GLOB_GAVOC_87512,100.0,no_coordinates,False
GLOB_84,GLOB_GAVOC_87513,100.0,no_coordinates,False
GLOB_84,GLOB_GAVOC_87515,92.3076923076923,no_coordinates,False
GLOB_84,GLOB_GAVOC_87518,100.0,no_coordinates,False
GLOB2_1080,GLOB_GAVOC_87526,90.0,no_coordinates,False
GLOB_85,GLOB_GAVOC_87582,100.0,no_coordinates,False
GLOB2_1028,GLOB_GAVOC_87597,100.0,no_coordinates,False
GLOB2_1028,GLOB_GAVOC_87598,100.0,no_coordinates,False
GLOB2_1028,GLOB_GAVOC_87599,100.0,no_coordinates,False
GLOB2_1028,GLOB_GAVOC_87601,100.0,no_coordinates,False
GLOB_658,GLOB_GAVOC_87871,93.33333333333333,no_coordinates,False
GLOB_656,GLOB_GAVOC_87913,90.9090909090909,no_coordinates,False
GLOB2_1062,GLOB_GAVOC_88028,90.9090909090909,no_coordinates,False
GLOB_317,GLOB_GAVOC_88045,93.33333333333333,no_coordinates,False
GLOB_317,GLOB_GAVOC_88046,93.33333333333333,no_coordinates,False
GLOB2_1049,GLOB_GAVOC_88189,90.0,no_coordinates,False
GLOB_249,GLOB_GAVOC_88416,100.0,no_coordinates,False
GLOB2_E_170,GLOB_GAVOC_88447,90.9090909090909,no_coordinates,False
GLOB_928,GLOB_GAVOC_88573,100.0,no_coordinates,False
GLOB2_1842,GLOB_GAVOC_88597,93.33333333333333,no_coordinates,False
GLOB2_1653,GLOB_GAVOC_88639,90.9090909090909,no_coordinates,False
GLOB2_E_171,GLOB_GAVOC_88639,90.9090909090909,no_coordinates,False
GLOB2_1653,GLOB_GAVOC_88644,93.33333333333333,no_coordinates,False
GLOB_RT_178,GLOB_GAVOC_88758,100.0,no_coordinates,True
GLOB_RT_212,GLOB_GAVOC_88798,90.9090909090909,no_coordinates,False
GLOB_RT_225,GLOB_GAVOC_88798,92.3076923076923,no_coordinates,False
GLOB_RT_225,GLOB_GAVOC_88819,100.0,no_coordinates,False
GLOB_183,GLOB_GAVOC_88858,100.0,no_coordinates,False
GLOB_36,GLOB_GAVOC_88864,100.0,no_coordinates,False
GLOB_205,GLOB_GAVOC_88887,90.9090909090909,no_coordinates,False
GLOB2_1305,GLOB_GAVOC_88937,90.9090909090909,no_coordinates,False
GLOB_RT_239,GLOB_GAVOC_88988,100.0,no_coordinates,False
GLOB2_1325,GLOB_GAVOC_89048,92.3076923076923,no_coordinates,False
GLOB_337,GLOB_GAVOC_89060,93.33333333333333,no_coordinates,False
GLOB2_944,GLOB_GAVOC_89082,93.33333333333333,no_coordinates,False
GLOB_287,GLOB_GAVOC_89208,93.33333333333333,no_coordinates,False
GLOB_464,GLOB_GAVOC_89459,92.3076923076923,no_coordinates,False
GLOB_893,GLOB_GAVOC_89468,100.0,no_coordinates,False
GLOB_893_HUM_1,GLOB_GAVOC_89468,100.0,no_coordinates,False
GLOB_893_HUM_2,GLOB_GAVOC_89468,100.0,no_coordinates,False
GLOB_893,GLOB_GAVOC_89469,100.0,no_coordinates,False
GLOB_893_HUM_1,GLOB_GAVOC_89469,100.0,no_coordinates,False
GLOB_893_HUM_2,GLOB_GAVOC_89469,100.0,no_coordinates,False
GLOB_893,GLOB_GAVOC_89470,100.0,no_coordinates,False
GLOB_893_HUM_1,GLOB_GAVOC_89470,100.0,no_coordinates,False
GLOB_893_HUM_2,GLOB_GAVOC_89470,100.0,no_coordinates,False
GLOB_893,GLOB_GAVOC_89471,100.0,no_coordinates,False
GLOB_893_HUM_1,GLOB_GAVOC_89471,100.0,no_coordinates,False
GLOB_893_HUM_2,GLOB_GAVOC_89471,100.0,no_coordinates,False
GLOB_893,GLOB_GAVOC_89472,100.0,no_coordinates,False
GLOB_893_HUM_1,GLOB_GAVOC_89472,100.0,no_coordinates,False
GLOB_893_HUM_2,GLOB_GAVOC_89472,100.0,no_coordinates,False
GLOB_893,GLOB_GAVOC_89492,100.0,no_coordinates,False
GLOB_893_HUM_1,GLOB_GAVOC_89492,100.0,no_coordinates,False
GLOB_893_HUM_2,GLOB_GAVOC_89492,100.0,no_coordinates,False
GLOB_462,GLOB_GAVOC_89510,90.9090909090909,no_coordinates,False
GLOB_235,GLOB_GAVOC_89528,92.3076923076923,no_coordinates,False
GLOB_RT_218,GLOB_GAVOC_89570,100.0,no_coordinates,False
GLOB_633,GLOB_GAVOC_89698,90.9090909090909,no_coordinates,False
GLOB2_1018,GLOB_GAVOC_89747,100.0,no_coordinates,False
GLOB2_1018,GLOB_GAVOC_89748,100.0,no_coordinates,False
GLOB2_1755,GLOB_GAVOC_89832,100.0,no_coordinates,False
GLOB_699,GLOB_GAVOC_89844,90.9090909090909,no_coordinates,False
GLOB_RT_222,GLOB_GAVOC_89850,100.0,no_coordinates,False
GLOB2_1758,GLOB_GAVOC_90206,100.0,no_coordinates,False
GLOB2_1549,GLOB_GAVOC_90235,92.3076923076923,no_coordinates,False
GLOB_RT_123,GLOB_GAVOC_90363,100.0,no_coordinates,False
GLOB_257,GLOB_GAVOC_90438,100.0,no_coordinates,False
GLOB_142,GLOB_GAVOC_90474,100.0,no_coordinates,False
GLOB_RT_137,GLOB_GAVOC_90581,90.9090909090909,no_coordinates,False
GLOB_RT_248,GLOB_GAVOC_90708,100.0,no_coordinates,False
GLOB2_1779,GLOB_GAVOC_90826,94.11764705882352,no_coordinates,False
GLOB_RT_262,GLOB_GAVOC_90970,100.0,no_coordinates,False
GLOB_RT_212,GLOB_GAVOC_91032,100.0,no_coordinates,False
GLOB_437,GLOB_GAVOC_91064,100.0,no_coordinates,False
GLOB_130,GLOB_GAVOC_00318,100.0,2,False
GLOB2_938,GLOB_GAVOC_00418,100.0,2,False
GLOB2_938_HUM_1,GLOB_GAVOC_00418,100.0,2,False
GLOB2_938_HUM_2,GLOB_GAVOC_00418,100.0,2,False
GLOB_512,GLOB_GAVOC_00505,100.0,2,False
GLOB2_E_17,GLOB_GAVOC_00748,100.0,2,False
GLOB2_E_3,GLOB_GAVOC_00748,100.0,2,False
GLOB2_936,GLOB_GAVOC_00934,85.71428571428572,2,False
GLOB_552,GLOB_GAVOC_01066,100.0,2,False
GLOB2_1715,GLOB_GAVOC_01070,97.14285714285714,2,False
GLOB_464,GLOB_GAVOC_01605,82.35294117647058,2,False
GLOB_NB_106,GLOB_GAVOC_01756,84.21052631578947,2,True
GLOB_500,GLOB_GAVOC_01854,100.0,2,False
GLOB2_E_88,GLOB_GAVOC_01861,90.0,2,True
GLOB_30,GLOB_GAVOC_01876,92.3076923076923,2,False
GLOB_33,GLOB_GAVOC_01899,94.73684210526316,2,False
GLOB_177,GLOB_GAVOC_01927,100.0,2,False
GLOB_499,GLOB_GAVOC_01927,82.35294117647058,2,False
GLOB_NB_105,GLOB_GAVOC_01983,100.0,2,True
GLOB_594,GLOB_GAVOC_02020,96.0,2,False
GLOB2_1827,GLOB_GAVOC_02099,88.88888888888889,2,True
GLOB_744,GLOB_GAVOC_02101,100.0,2,False
GLOB2_E_260,GLOB_GAVOC_02287,87.5,2,False
GLOB2_1458,GLOB_GAVOC_02314,83.33333333333334,2,False
GLOB_40,GLOB_GAVOC_02505,100.0,2,False
GLOB_566,GLOB_GAVOC_02579,95.65217391304348,2,False
GLOB_459,GLOB_GAVOC_03195,92.3076923076923,2,False
GLOB_177,GLOB_GAVOC_03400,100.0,2,False
GLOB2_1224,GLOB_GAVOC_03601,90.0,2,False
GLOB2_965,GLOB_GAVOC_03602,100.0,2,False
GLOB_NB_104,GLOB_GAVOC_03714,86.48648648648648,2,True
GLOB_835,GLOB_GAVOC_04005,100.0,2,False
GLOB2_1888,GLOB_GAVOC_04035,100.0,2,False
GLOB_835,GLOB_GAVOC_04210,100.0,2,False
GLOB2_1704,GLOB_GAVOC_04620,88.88888888888889,2,False
GLOB2_E_272,GLOB_GAVOC_04699,100.0,2,False
GLOB_628,GLOB_GAVOC_04764,85.71428571428572,2,False
GLOB_37,GLOB_GAVOC_04789,87.5,2,False
GLOB_64,GLOB_GAVOC_04910,100.0,2,False
GLOB2_1001,GLOB_GAVOC_05095,100.0,2,False
GLOB2_1165,GLOB_GAVOC_05335,83.33333333333334,2,False
GLOB2_1236,GLOB_GAVOC_05362,100.0,2,True
GLOB2_1673,GLOB_GAVOC_05538,85.71428571428572,2,False
GLOB_405,GLOB_GAVOC_05554,100.0,2,False
GLOB2_1204,GLOB_GAVOC_05571,100.0,2,False
GLOB2_897,GLOB_GAVOC_05571,100.0,2,False
GLOB_731,GLOB_GAVOC_05572,100.0,2,False
GLOB_E_11,GLOB_GAVOC_05584,82.35294117647058,2,False
GLOB_648,GLOB_GAVOC_05773,100.0,2,False
GLOB2_E_123,GLOB_GAVOC_06039,100.0,2,True
GLOB2_E_126,GLOB_GAVOC_06109,82.35294117647058,2,False
GLOB_344,GLOB_GAVOC_06353,85.71428571428572,2,False
GLOB2_E_250,GLOB_GAVOC_06440,84.21052631578947,2,False
GLOB_149,GLOB_GAVOC_06526,100.0,2,False
GLOB2_1837,GLOB_GAVOC_06662,85.71428571428572,2,False
GLOB_642,GLOB_GAVOC_06736,100.0,2,False
GLOB_912,GLOB_GAVOC_06822,100.0,2,False
GLOB_912_HUM_1,GLOB_GAVOC_06822,100.0,2,False
GLOB_912_HUM_2,GLOB_GAVOC_06822,100.0,2,False
GLOB_152,GLOB_GAVOC_06967,100.0,2,False
GLOB_377,GLOB_GAVOC_07398,84.21052631578947,2,False
GLOB_661,GLOB_GAVOC_07698,100.0,2,True
GLOB_648,GLOB_GAVOC_07718,100.0,2,False
GLOB_391,GLOB_GAVOC_07909,83.33333333333334,2,False
GLOB_83,GLOB_GAVOC_08213,100.0,2,False
GLOB_775,GLOB_GAVOC_08874,94.73684210526316,2,False
GLOB2_E_184,GLOB_GAVOC_08925,83.33333333333334,2,False
GLOB_117,GLOB_GAVOC_08985,100.0,2,False
GLOB_437,GLOB_GAVOC_09348,83.33333333333334,2,False
GLOB2_1840,GLOB_GAVOC_09479,83.33333333333334,2,False
GLOB2_1840_GEO_1,GLOB_GAVOC_09479,83.33333333333334,2,False
GLOB2_1840_HUM_1,GLOB_GAVOC_09479,83.33333333333334,2,False
GLOB_893,GLOB_GAVOC_09504,88.88888888888889,2,False
GLOB_893_HUM_1,GLOB_GAVOC_09504,88.88888888888889,2,False
GLOB_893_HUM_2,GLOB_GAVOC_09504,88.88888888888889,2,False
GLOB_361,GLOB_GAVOC_09529,90.9090909090909,2,False
GLOB2_1813,GLOB_GAVOC_09682,92.3076923076923,2,False
GLOB_683,GLOB_GAVOC_09965,100.0,2,False
GLOB_898,GLOB_GAVOC_09970,87.5,2,False
GLOB_921,GLOB_GAVOC_10053,100.0,2,False
GLOB2_1053,GLOB_GAVOC_10218,100.0,2,True
GLOB_136,GLOB_GAVOC_10253,100.0,2,False
GLOB_PY_53,GLOB_GAVOC_10479,84.61538461538461,2,True
GLOB_440,GLOB_GAVOC_10908,100.0,2,True
GLOB_115,GLOB_GAVOC_00047,83.33333333333334,3,False
GLOB_RT_9,GLOB_GAVOC_00208,100.0,3,False
GLOB_867,GLOB_GAVOC_00774,85.71428571428572,3,False
GLOB_867_HUM_1,GLOB_GAVOC_00774,85.71428571428572,3,False
GLOB_867_HUM_2,GLOB_GAVOC_00774,85.71428571428572,3,False
GLOB_254,GLOB_GAVOC_01096,88.88888888888889,3,False
GLOB2_1597,GLOB_GAVOC_02450,100.0,3,False
GLOB2_1597_GEO_1,GLOB_GAVOC_02450,100.0,3,False
GLOB2_1597_HUM_1,GLOB_GAVOC_02450,100.0,3,False
GLOB2_1597_HUM_2,GLOB_GAVOC_02450,100.0,3,False
GLOB_362,GLOB_GAVOC_02701,87.5,3,False
GLOB_362,GLOB_GAVOC_02763,87.5,3,False
GLOB_557,GLOB_GAVOC_03383,100.0,3,False
GLOB_263,GLOB_GAVOC_04400,100.0,3,False
GLOB_37,GLOB_GAVOC_04788,87.5,3,False
GLOB_37,GLOB_GAVOC_04859,88.88888888888889,3,False
GLOB2_1405,GLOB_GAVOC_05385,100.0,3,True
GLOB_71,GLOB_GAVOC_05788,82.35294117647058,3,False
GLOB_71_HUM_1,GLOB_GAVOC_05788,82.35294117647058,3,False
GLOB_71_HUM_2,GLOB_GAVOC_05788,82.35294117647058,3,False
GLOB_71_HUM_3,GLOB_GAVOC_05788,82.35294117647058,3,False
GLOB_E_15,GLOB_GAVOC_06615,100.0,3,False
GLOB_RT_5,GLOB_GAVOC_06688,100.0,3,False
GLOB2_E_86,GLOB_GAVOC_06958,82.35294117647058,3,True
GLOB_RT_12,GLOB_GAVOC_07112,87.5,3,False
GLOB_RT_12,GLOB_GAVOC_07365,82.35294117647058,3,False
GLOB_RT_12,GLOB_GAVOC_07369,82.35294117647058,3,False
GLOB_153,GLOB_GAVOC_07408,82.35294117647058,3,False
GLOB2_1401,GLOB_GAVOC_07693,83.33333333333334,3,False
GLOB2_905,GLOB_GAVOC_07693,100.0,3,False
GLOB_388,GLOB_GAVOC_07710,100.0,3,False
GLOB_173,GLOB_GAVOC_07754,85.71428571428572,3,False
GLOB2_1273,GLOB_GAVOC_08508,82.35294117647058,3,True
GLOB_440,GLOB_GAVOC_09030,85.71428571428572,3,False
GLOB2_1458,GLOB_GAVOC_09099,92.3076923076923,3,False
GLOB_206,GLOB_GAVOC_09514,83.33333333333334,3,False
GLOB_235,GLOB_GAVOC_09514,92.3076923076923,3,False
GLOB_917,GLOB_GAVOC_09514,83.33333333333334,3,False
GLOB_192,GLOB_GAVOC_09599,85.71428571428572,3,False
GLOB_832,GLOB_GAVOC_09897,100.0,3,False
GLOB_895,GLOB_GAVOC_09907,83.33333333333334,3,False
GLOB_429,GLOB_GAVOC_09929,86.95652173913044,3,False
GLOB_NB_173,GLOB_GAVOC_10192,92.85714285714286,3,False
GLOB_RT_149,GLOB_GAVOC_10482,90.9090909090909,3,False
GLOB2_E_86,GLOB_GAVOC_10559,82.35294117647058,3,True
GLOB_894,GLOB_GAVOC_10607,82.35294117647058,3,False
GLOB_NB_131,GLOB_GAVOC_10607,85.71428571428572,3,False
GLOB_508,GLOB_GAVOC_00328,87.5,4,False
GLOB2_1623,GLOB_GAVOC_00411,100.0,4,True
GLOB2_1063,GLOB_GAVOC_00633,83.33333333333334,4,False
GLOB_11,GLOB_GAVOC_00773,83.33333333333334,4,False
GLOB_796,GLOB_GAVOC_01068,100.0,4,True
GLOB_21,GLOB_GAVOC_01197,92.3076923076923,4,False
GLOB_707,GLOB_GAVOC_01197,90.9090909090909,4,False
GLOB_707,GLOB_GAVOC_01201,85.71428571428572,4,False
GLOB_707,GLOB_GAVOC_01202,85.71428571428572,4,False
GLOB_501,GLOB_GAVOC_01889,82.35294117647058,4,False
NR_28,GLOB_GAVOC_02062,82.35294117647058,4,False
NR_13,GLOB_GAVOC_02233,85.71428571428572,4,False
GLOB_799,GLOB_GAVOC_02313,87.5,4,False
GLOB_43,GLOB_GAVOC_02362,82.35294117647058,4,False
GLOB_NB_132,GLOB_GAVOC_02568,91.66666666666666,4,False
GLOB2_1019,GLOB_GAVOC_03669,94.73684210526316,4,False
GLOB_RT_169,GLOB_GAVOC_04240,82.35294117647058,4,False
GLOB_RT_228,GLOB_GAVOC_04423,85.71428571428572,4,False
GLOB_33,GLOB_GAVOC_04427,87.5,4,False
GLOB_177,GLOB_GAVOC_04498,94.11764705882352,4,False
GLOB2_1165,GLOB_GAVOC_05350,100.0,4,False
GLOB_397,GLOB_GAVOC_05403,87.5,4,False
GLOB_865,GLOB_GAVOC_05564,85.71428571428572,4,False
NR_44,GLOB_GAVOC_05564,87.5,4,False
NR_32,GLOB_GAVOC_05586,84.21052631578947,4,False
GLOB_404,GLOB_GAVOC_06081,83.33333333333334,4,False
GLOB2_E_119,GLOB_GAVOC_06157,82.35294117647058,4,False
GLOB_42,GLOB_GAVOC_06480,88.88888888888889,4,False
GLOB2_923,GLOB_GAVOC_06543,83.33333333333334,4,False
GLOB2_E_161,GLOB_GAVOC_06919,85.71428571428572,4,False
GLOB_RT_35,GLOB_GAVOC_07060,85.71428571428572,4,False
GLOB2_1355,GLOB_GAVOC_07197,83.33333333333334,4,False
GLOB_RT_203,GLOB_GAVOC_07256,87.5,4,False
GLOB2_1045,GLOB_GAVOC_07298,84.21052631578947,4,False
GLOB_PY_51,GLOB_GAVOC_07555,85.71428571428572,4,False
GLOB2_1834,GLOB_GAVOC_07795,100.0,4,False
GLOB_E_53,GLOB_GAVOC_07795,83.33333333333334,4,False
GLOB2_1426,GLOB_GAVOC_07826,86.95652173913044,4,False
GLOB_900,GLOB_GAVOC_07959,100.0,4,False
GLOB2_936,GLOB_GAVOC_08202,87.5,4,False
GLOB_252,GLOB_GAVOC_08471,95.65217391304348,4,False
GLOB_252,GLOB_GAVOC_08472,95.65217391304348,4,False
GLOB_RT_225,GLOB_GAVOC_08946,85.71428571428572,4,False
GLOB_867,GLOB_GAVOC_09402,83.33333333333334,4,False
GLOB_867_HUM_1,GLOB_GAVOC_09402,83.33333333333334,4,False
GLOB_867_HUM_2,GLOB_GAVOC_09402,83.33333333333334,4,False
GLOB_RT_12,GLOB_GAVOC_09513,82.35294117647058,4,False
GLOB_699,GLOB_GAVOC_09672,85.71428571428572,4,False
GLOB2_905,GLOB_GAVOC_09768,85.71428571428572,4,False
GLOB2_1248,GLOB_GAVOC_10272,85.71428571428572,4,False
GLOB_527,GLOB_GAVOC_10514,82.35294117647058,4,False
GLOB_115,GLOB_GAVOC_00787,92.3076923076923,5,False
GLOB_545,GLOB_GAVOC_01120,88.88888888888889,5,False
GLOB2_950,GLOB_GAVOC_01467,100.0,5,False
GLOB_314,GLOB_GAVOC_01667,100.0,5,False
GLOB_61,GLOB_GAVOC_01696,85.71428571428572,5,False
GLOB_309,GLOB_GAVOC_02015,88.88888888888889,5,False
GLOB_320,GLOB_GAVOC_02065,87.5,5,False
GLOB_142,GLOB_GAVOC_02655,100.0,5,False
GLOB2_E_74,GLOB_GAVOC_03239,92.3076923076923,5,False
GLOB_664,GLOB_GAVOC_03395,100.0,5,True
GLOB_664,GLOB_GAVOC_03396,100.0,5,True
GLOB_354,GLOB_GAVOC_03915,100.0,5,False
GLOB_E_15,GLOB_GAVOC_04404,83.33333333333334,5,False
GLOB_296,GLOB_GAVOC_05327,85.71428571428572,5,False
GLOB_28,GLOB_GAVOC_05431,85.71428571428572,5,False
GLOB2_1190,GLOB_GAVOC_05485,100.0,5,False
GLOB2_1705,GLOB_GAVOC_05853,82.35294117647058,5,True
NR_217,GLOB_GAVOC_06533,87.5,5,False
GLOB_NB_121,GLOB_GAVOC_07178,83.33333333333334,5,False
GLOB_86,GLOB_GAVOC_07892,87.5,5,False
GLOB2_1576,GLOB_GAVOC_08157,100.0,5,False
GLOB2_1628,GLOB_GAVOC_09645,83.33333333333334,5,False
GLOB_167,GLOB_GAVOC_10379,100.0,5,False
NR_41,GLOB_GAVOC_10614,87.5,5,False
GLOB2_1081,GLOB_GAVOC_10695,83.33333333333334,5,False
GLOB2_1081_HUM_1,GLOB_GAVOC_10695,83.33333333333334,5,False
GLOB2_1081_HUM_2,GLOB_GAVOC_10695,83.33333333333334,5,False
GLOB2_905,GLOB_GAVOC_10702,92.3076923076923,5,False
