external_id,glob_id,decision,note
GLOB_GAVOC_00001,GLOB2_1671,match,
GLOB_GAVOC_00002,GLOB_PY_55,reject,
GLOB_GAVOC_00013,GLOB_474,match,
GLOB_GAVOC_00020,GLOB_872_HUM_2,match,
GLOB_GAVOC_00020,GLOB_872_HUM_1,reject,
GLOB_GAVOC_00020,GLOB_872,reject,
GLOB_GAVOC_00022,GLOB_118,reject,
GLOB_GAVOC_00024,GLOB2_1150,reject,
GLOB_GAVOC_00026,GLOB_505_HUM_2,reject,
GLOB_GAVOC_00026,GLOB_505_GEO_1,match,
GLOB_GAVOC_00026,GLOB_505_HUM_1,reject,
GLOB_GAVOC_00026,GLOB_505,reject,
GLOB_GAVOC_00031,GLOB_846,match,
GLOB_GAVOC_00032,GLOB_857,match,
GLOB_GAVOC_00034,GLOB_588,match,
GLOB_GAVOC_00037,GLOB_853,match,
GLOB_GAVOC_00040,GLOB_3,match,
GLOB_GAVOC_00047,GLOB_11,reject,
GLOB_GAVOC_00047,GLOB_115,reject,
GLOB_GAVOC_00053,GLOB_847,reject,
GLOB_GAVOC_00058,GLOB_119,reject,
GLOB_GAVOC_00058,GLOB_516,unsure,
GLOB_GAVOC_00063,GLOB2_1070,match,
GLOB_GAVOC_00082,GLOB_849,match,
GLOB_GAVOC_00083,GLOB_849,match,
GLOB_GAVOC_00096,GLOB_BN_21,match,
GLOB_GAVOC_00104,GLOB_151,match,
GLOB_GAVOC_00105,GLOB_514,match,
GLOB_GAVOC_00107,GLOB_508,match,
GLOB_GAVOC_00108,GLOB_508,unsure,
GLOB_GAVOC_00110,GLOB2_1482,reject,
GLOB_GAVOC_00110,GLOB2_1576,reject,
GLOB_GAVOC_00111,GLOB_NB_138,match,
GLOB_GAVOC_00116,GLOB2_E_26,match,
GLOB_GAVOC_00128,GLOB_894,reject,
GLOB_GAVOC_00128,GLOB_NB_131,match,
GLOB_GAVOC_00130,GLOB2_1447,match,
GLOB_GAVOC_00133,GLOB_RT_213,reject,
GLOB_GAVOC_00141,GLOB_RT_183,match,
GLOB_GAVOC_00145,GLOB_NB_131,match,
GLOB_GAVOC_00152,GLOB2_1428,reject,
GLOB_GAVOC_00155,GLOB_219,reject,
GLOB_GAVOC_00156,GLOB2_1739,unsure,
GLOB_GAVOC_00160,GLOB_NB_200,reject,
GLOB_GAVOC_00164,GLOB_RT_183,reject,
GLOB_GAVOC_00168,GLOB2_1500,match,
GLOB_GAVOC_00176,GLOB2_910,reject,
GLOB_GAVOC_00177,GLOB_876,unsure,ERROR
GLOB_GAVOC_00177,GLOB_876_HUM_1,unsure,ERROR 
GLOB_GAVOC_00177,GLOB_876_HUM_2,reject,
GLOB_GAVOC_00182,GLOB2_1428,reject,
GLOB_GAVOC_00189,GLOB_249,unsure,shared child
GLOB_GAVOC_00197,GLOB_518,match,
GLOB_GAVOC_00199,GLOB_751,match,
GLOB_GAVOC_00202,GLOB2_1899,match,
GLOB_GAVOC_00205,GLOB_79,unsure,
GLOB_GAVOC_00208,GLOB_RT_9,match,I think the coordinate is just slightly off
GLOB_GAVOC_00211,GLOB_6,reject,
GLOB_GAVOC_00213,GLOB_754,reject,
GLOB_GAVOC_00219,GLOB_754,match,
GLOB_GAVOC_00223,GLOB2_1428,match,
GLOB_GAVOC_00227,GLOB2_E_16,reject,
GLOB_GAVOC_00227,GLOB_129,match,
GLOB_GAVOC_00228,GLOB_129,reject,
GLOB_GAVOC_00228,GLOB2_E_16,reject,should be split
GLOB_GAVOC_00230,GLOB2_E_16,match,
GLOB_GAVOC_00230,GLOB_129,reject,
GLOB_GAVOC_00245,GLOB2_E_27_GEO_1,reject,
GLOB_GAVOC_00245,GLOB2_E_27,reject,
GLOB_GAVOC_00245,GLOB2_E_27_HUM_1,reject,
GLOB_GAVOC_00255,GLOB_6,reject,
GLOB_GAVOC_00256,GLOB_276,reject,
GLOB_GAVOC_00259,GLOB_RT_9,reject,
GLOB_GAVOC_00260,GLOB_608,unsure,ERROR Review
GLOB_GAVOC_00260,GLOB_RT_9,reject,
GLOB_GAVOC_00261,GLOB_608,reject,
GLOB_GAVOC_00262,GLOB_RT_9,reject,
GLOB_GAVOC_00267,GLOB_177,match,
GLOB_GAVOC_00268,GLOB_RT_177,reject,
GLOB_GAVOC_00270,GLOB_RT_177,reject,
GLOB_GAVOC_00274,GLOB_RT_177,match,
GLOB_GAVOC_00274,GLOB2_1553,reject,
GLOB_GAVOC_00277,GLOB_404,unsure,
GLOB_GAVOC_00278,GLOB_RT_177,reject,
GLOB_GAVOC_00285,GLOB_RT_177,reject,
GLOB_GAVOC_00285,GLOB_177,reject,
GLOB_GAVOC_00290,GLOB_516,reject,
GLOB_GAVOC_00303,GLOB_NB_47,match,
GLOB_GAVOC_00318,GLOB_130,unsure,
GLOB_GAVOC_00328,GLOB_508,reject,
GLOB_GAVOC_00329,GLOB_873,match,
GLOB_GAVOC_00336,GLOB_631,reject,
GLOB_GAVOC_00336,GLOB_185,reject,
GLOB_GAVOC_00339,GLOB2_1385,reject,
GLOB_GAVOC_00347,GLOB2_1442,match,
GLOB_GAVOC_00351,GLOB_504,unsure,
GLOB_GAVOC_00352,GLOB2_1385,child,
GLOB_GAVOC_00730,GLOB_NB_79,match,
GLOB_GAVOC_00732,GLOB_11,match,
GLOB_GAVOC_00736,GLOB2_1098,match,
GLOB_GAVOC_00736,GLOB2_1652,match,
GLOB_GAVOC_00741,GLOB_748,match,
GLOB_GAVOC_00747,GLOB2_1515,match,
GLOB_GAVOC_00747,GLOB2_E_17,reject,
GLOB_GAVOC_00747,GLOB2_E_3,reject,
GLOB_GAVOC_00748,GLOB2_E_17,reject,
GLOB_GAVOC_00748,GLOB2_E_3,reject,
GLOB_GAVOC_00751,GLOB2_E_3,match,
GLOB_GAVOC_00751,GLOB2_E_17,reject,
GLOB_GAVOC_00768,GLOB2_E_253,child,
GLOB_GAVOC_00769,GLOB2_E_253,child,
GLOB_GAVOC_00392,GLOB2_1416,match,
GLOB_GAVOC_00399,GLOB_PY_55,match,
GLOB_GAVOC_00402,GLOB_863,child,
GLOB_GAVOC_00411,GLOB2_1623,match,
GLOB_GAVOC_00418,GLOB2_938,reject,
GLOB_GAVOC_00418,GLOB2_938_HUM_1,match,
GLOB_GAVOC_00418,GLOB2_938_HUM_2,reject,
GLOB_GAVOC_00426,GLOB2_938,reject,
GLOB_GAVOC_00426,GLOB2_938_HUM_1,reject,
GLOB_GAVOC_00426,GLOB2_938_HUM_2,match,
GLOB_GAVOC_00433,GLOB2_1548,match,
GLOB_GAVOC_00436,GLOB_RT_128,match,
GLOB_GAVOC_00448,GLOB_NB_48,match,
GLOB_GAVOC_00448,GLOB_111,reject,
GLOB_GAVOC_00452,GLOB2_1605,match,
GLOB_GAVOC_00455,GLOB_NB_138,match,
GLOB_GAVOC_00456,GLOB_507,match,
GLOB_GAVOC_00460,GLOB_507,child,
GLOB_GAVOC_00463,GLOB2_905,reject,
GLOB_GAVOC_00463,GLOB_E_53,reject,
GLOB_GAVOC_00465,GLOB2_1606,child,
GLOB_GAVOC_00473,GLOB_RT_128,match,
GLOB_GAVOC_00474,GLOB_8,reject,
GLOB_GAVOC_00475,GLOB_8,reject,
GLOB_GAVOC_00477,GLOB_79,child,
GLOB_GAVOC_00505,GLOB_512,child,
GLOB_GAVOC_00506,GLOB_512,match,
GLOB_GAVOC_00522,GLOB_120,match,
GLOB_GAVOC_00546,GLOB_581,match,
GLOB_GAVOC_00549,GLOB2_E_87,reject,
GLOB_GAVOC_00549,GLOB2_E_84,reject,
GLOB_GAVOC_00552,GLOB2_1482,match,
GLOB_GAVOC_00558,GLOB_PY_24,match,
GLOB_GAVOC_00560,GLOB_790,match,
GLOB_GAVOC_00561,GLOB_443,child,
GLOB_GAVOC_00562,GLOB_526,match,
GLOB_GAVOC_00572,GLOB2_1127,match,
GLOB_GAVOC_00577,GLOB_526,child,
GLOB_GAVOC_00581,GLOB2_1817,match,
GLOB_GAVOC_00588,GLOB_28,child,
GLOB_GAVOC_00603,GLOB2_1278,reject,
GLOB_GAVOC_00611,GLOB_RT_219,match,
GLOB_GAVOC_00616,GLOB_580,match,
GLOB_GAVOC_00620,NR_87,match,
GLOB_GAVOC_00621,GLOB_908,match,
GLOB_GAVOC_00622,GLOB_908,child,
GLOB_GAVOC_00623,GLOB_10,child,
GLOB_GAVOC_00625,GLOB_10,match,
GLOB_GAVOC_00633,GLOB2_1063,reject,
GLOB_GAVOC_00640,GLOB2_1045,match,
GLOB_GAVOC_00642,GLOB2_1611,match,
GLOB_GAVOC_00649,GLOB2_1722,child,
GLOB_GAVOC_00650,GLOB2_1722,child,
GLOB_GAVOC_00662,GLOB_176,match,
GLOB_GAVOC_00667,GLOB_RT_214,match,
GLOB_GAVOC_00681,GLOB2_1355,match,
GLOB_GAVOC_00684,GLOB_NB_205,match,
GLOB_GAVOC_00685,GLOB2_925,match,
GLOB_GAVOC_00688,GLOB2_1426,match,
GLOB_GAVOC_00771,GLOB_582,match,
GLOB_GAVOC_00773,GLOB_11,reject,
GLOB_GAVOC_00774,GLOB_867,reject,
GLOB_GAVOC_00774,GLOB_867_HUM_1,reject,
GLOB_GAVOC_00774,GLOB_867_HUM_2,reject,
GLOB_GAVOC_00775,GLOB_115,match,
GLOB_GAVOC_00781,GLOB2_1894,child,
GLOB_GAVOC_00781,GLOB2_1894_HUM_1,reject,
GLOB_GAVOC_00787,GLOB_115,reject,
GLOB_GAVOC_00796,GLOB_RT_246,match,
GLOB_GAVOC_00798,GLOB2_1195,match,
GLOB_GAVOC_00815,GLOB2_899,match,
GLOB_GAVOC_00821,GLOB2_899,match,
GLOB_GAVOC_00822,GLOB2_899,child,
GLOB_GAVOC_00829,GLOB_RT_119,match,
GLOB_GAVOC_00836,GLOB_RT_92,match,
GLOB_GAVOC_00839,GLOB2_1429,match,
GLOB_GAVOC_00845,GLOB2_1206,match,
GLOB_GAVOC_00845,GLOB2_1206_GEO_1,reject,
GLOB_GAVOC_00858,GLOB_586,match,
GLOB_GAVOC_00866,GLOB_343,match,
GLOB_GAVOC_00867,GLOB2_1797,match,
GLOB_GAVOC_00870,GLOB2_923,match,
GLOB_GAVOC_00873,GLOB2_923,match,
GLOB_GAVOC_00875,NR_218_HUM_1,match,
GLOB_GAVOC_00875,GLOB2_1206_GEO_1,reject,
GLOB_GAVOC_00875,NR_218,reject,
GLOB_GAVOC_00893,GLOB_724,match,
GLOB_GAVOC_00899,GLOB_12,match,
GLOB_GAVOC_00905,GLOB_729,match,
GLOB_GAVOC_00906,GLOB_NB_182,reject,
GLOB_GAVOC_00906,NR_251,reject,
GLOB_GAVOC_00906,NR_251_HUM_1,match,
GLOB_GAVOC_00907,GLOB_793_HUM_1,match,
GLOB_GAVOC_00907,GLOB_793_HUM_2,reject,
GLOB_GAVOC_00907,GLOB_793_HUM_3,reject,
GLOB_GAVOC_00907,GLOB_793,match,
GLOB_GAVOC_00908,GLOB_793,reject,
GLOB_GAVOC_00908,GLOB_793_HUM_1,match,
GLOB_GAVOC_00908,GLOB_793_HUM_2,reject,
GLOB_GAVOC_00908,GLOB_793_HUM_3,reject,
GLOB_GAVOC_00914,GLOB_793_HUM_2,match,
GLOB_GAVOC_00914,GLOB_793_HUM_3,reject,
GLOB_GAVOC_00914,GLOB_793_HUM_1,reject,
GLOB_GAVOC_00914,GLOB_793,reject,
GLOB_GAVOC_00916,GLOB_793_HUM_1,reject,
GLOB_GAVOC_00916,GLOB_793_HUM_2,reject,
GLOB_GAVOC_00916,GLOB_793_HUM_3,reject,
GLOB_GAVOC_00916,GLOB_793,child,
GLOB_GAVOC_00920,GLOB_127,match,
GLOB_GAVOC_00922,GLOB_13,match,
GLOB_GAVOC_00933,GLOB2_1278,match,
GLOB_GAVOC_00934,GLOB2_936,reject,
GLOB_GAVOC_00937,GLOB_296,child,
GLOB_GAVOC_00939,GLOB2_894,match,
GLOB_GAVOC_00939,GLOB_535,reject,
GLOB_GAVOC_00953,GLOB_14,match,
GLOB_GAVOC_00956,GLOB_14,match,
GLOB_GAVOC_00961,GLOB2_1656,match,
GLOB_GAVOC_00964,GLOB_223,match,
GLOB_GAVOC_00992,GLOB2_1881,match,
GLOB_GAVOC_00996,GLOB2_998,reject,
GLOB_GAVOC_01014,GLOB2_1063,child,
GLOB_GAVOC_01021,GLOB2_1429,match,
GLOB_GAVOC_01022,GLOB_357_HUM_2,reject,
GLOB_GAVOC_01022,GLOB_357_HUM_1,reject,
GLOB_GAVOC_01022,GLOB_357,reject,
GLOB_GAVOC_01045,GLOB2_1201,match,
GLOB_GAVOC_01045,GLOB_77,reject,
GLOB_GAVOC_01047,GLOB_503,child,
GLOB_GAVOC_01054,GLOB_503,match,
GLOB_GAVOC_01058,GLOB_E_46,match,
GLOB_GAVOC_01058,GLOB_908,reject,
GLOB_GAVOC_01060,GLOB_E_46,match,
GLOB_GAVOC_01060,GLOB_908,reject,
GLOB_GAVOC_01066,GLOB_552,child,
GLOB_GAVOC_01068,GLOB_796,match,
GLOB_GAVOC_01070,GLOB2_1715,match,
GLOB_GAVOC_01075,GLOB_693,child,
GLOB_GAVOC_01075,GLOB_552,reject,
GLOB_GAVOC_01078,GLOB_876_HUM_1,match,
GLOB_GAVOC_01078,GLOB_876,reject,
GLOB_GAVOC_01078,GLOB_876_HUM_2,reject,
GLOB_GAVOC_01095,GLOB_593,child,
GLOB_GAVOC_01096,GLOB_254,reject,
GLOB_GAVOC_01120,GLOB_545,reject,
GLOB_GAVOC_01126,GLOB2_907,match,
GLOB_GAVOC_01143,GLOB_502,match,
GLOB_GAVOC_01147,GLOB_18,match,
GLOB_GAVOC_01148,GLOB_165,match,
GLOB_GAVOC_01149,GLOB2_907,match,
GLOB_GAVOC_01152,GLOB_19,match,
GLOB_GAVOC_01160,GLOB2_E_34,match,
GLOB_GAVOC_01177,GLOB_RT_200,match,
GLOB_GAVOC_01185,GLOB_RT_34,match,
GLOB_GAVOC_01192,GLOB_479,match,
GLOB_GAVOC_01192,GLOB_839,reject,
GLOB_GAVOC_01197,GLOB_21,reject,
GLOB_GAVOC_01197,GLOB_707,reject,
GLOB_GAVOC_01201,GLOB_707,reject,
GLOB_GAVOC_01202,GLOB_707,reject,
GLOB_GAVOC_01207,GLOB2_1429,child,
GLOB_GAVOC_01208,GLOB_640,reject,
GLOB_GAVOC_01273,GLOB_RT_166,match,
GLOB_GAVOC_01274,GLOB2_1901,reject,
GLOB_GAVOC_01298,GLOB2_914,reject,
GLOB_GAVOC_01298,GLOB2_E_240,reject,
GLOB_GAVOC_01298,GLOB2_1577,match,
GLOB_GAVOC_01300,GLOB_483,match,
GLOB_GAVOC_01314,GLOB_RT_149,match,
GLOB_GAVOC_01316,GLOB_707,reject,
GLOB_GAVOC_01316,GLOB_21,reject,
GLOB_GAVOC_01332,GLOB_707,child,
GLOB_GAVOC_01338,GLOB_480,match,
GLOB_GAVOC_01351,GLOB_522,match,
GLOB_GAVOC_01354,GLOB2_1901,match,
GLOB_GAVOC_01355,GLOB2_1901,match,
GLOB_GAVOC_01370,GLOB2_E_36,match,
GLOB_GAVOC_01378,GLOB2_1159,match,
GLOB_GAVOC_01383,GLOB2_998,match,
GLOB_GAVOC_01388,GLOB2_998,match,
GLOB_GAVOC_01406,GLOB_477,match,
GLOB_GAVOC_01439,GLOB_306,match,
GLOB_GAVOC_01446,GLOB_RT_261,match,
GLOB_GAVOC_01447,GLOB_545,child,
GLOB_GAVOC_01466,GLOB2_950,match,
GLOB_GAVOC_01467,GLOB2_950,reject,
GLOB_GAVOC_01480,GLOB_284,match,
GLOB_GAVOC_01493,GLOB_PY_21,match,
GLOB_GAVOC_01506,GLOB_313,match,
GLOB_GAVOC_01510,GLOB_321,match,
GLOB_GAVOC_01512,GLOB_672,match,
GLOB_GAVOC_01522,GLOB2_914,match,
GLOB_GAVOC_01522,GLOB2_E_240,reject,
GLOB_GAVOC_01523,GLOB2_E_239,match,check labels
GLOB_GAVOC_01523,GLOB2_E_240,reject,
GLOB_GAVOC_01523,GLOB2_914,reject,
GLOB_GAVOC_01530,GLOB2_914,child,
GLOB_GAVOC_01563,GLOB_BN_148,match,
GLOB_GAVOC_01567,GLOB_RT_36,match,
GLOB_GAVOC_01569,GLOB_RT_36,match,
GLOB_GAVOC_01577,GLOB_RT_127,match,
GLOB_GAVOC_01583,GLOB_RT_158,match,
GLOB_GAVOC_01605,GLOB_464,reject,
GLOB_GAVOC_01616,GLOB2_1067,reject,
GLOB_GAVOC_01616,GLOB2_1219,reject,
GLOB_GAVOC_01616,GLOB_E_242,match,
GLOB_GAVOC_01620,GLOB2_907,match,
GLOB_GAVOC_01636,GLOB2_1826,match,
GLOB_GAVOC_01639,GLOB_RT_111,match,
GLOB_GAVOC_01639,GLOB_RT_35,reject,
GLOB_GAVOC_01639,GLOB_RT_115,reject,
GLOB_GAVOC_01641,GLOB_603,reject,
GLOB_GAVOC_01650,GLOB_RT_86,match,
GLOB_GAVOC_01651,NR_69,match,
GLOB_GAVOC_01667,GLOB_314,reject,
GLOB_GAVOC_01668,GLOB_281,match,
GLOB_GAVOC_01675,GLOB_RT_89,match,
GLOB_GAVOC_01676,GLOB2_1213,match,
GLOB_GAVOC_01678,GLOB_24,match,
GLOB_GAVOC_01691,GLOB_RT_213,match,
GLOB_GAVOC_01696,GLOB_61,reject,
GLOB_GAVOC_01700,GLOB_495,match,
GLOB_GAVOC_01702,GLOB_RT_253,match,
GLOB_GAVOC_01704,GLOB_RT_145,match,
GLOB_GAVOC_01708,GLOB_RT_33,match,
GLOB_GAVOC_01710,GLOB_26,child,
GLOB_GAVOC_01716,GLOB2_1010,match,
GLOB_GAVOC_01720,GLOB_478,match,
GLOB_GAVOC_01723,GLOB2_1867,child,ignore river
GLOB_GAVOC_01726,GLOB_63,match,
GLOB_GAVOC_01734,GLOB_369,reject,
GLOB_GAVOC_01741,GLOB_799,child,
GLOB_GAVOC_01745,GLOB_718,match,
GLOB_GAVOC_01747,GLOB_RT_206,match,
GLOB_GAVOC_01756,GLOB_NB_106,reject,
GLOB_GAVOC_01773,GLOB_263,child,
GLOB_GAVOC_01775,GLOB_27_HUM_2,match,
GLOB_GAVOC_01775,GLOB_27_HUM_1,reject,
GLOB_GAVOC_01775,GLOB_27_HUM_3,reject,
GLOB_GAVOC_01775,GLOB_27,reject,
GLOB_GAVOC_01776,GLOB_27_HUM_3,reject,
GLOB_GAVOC_01776,GLOB_27_HUM_2,reject,
GLOB_GAVOC_01776,GLOB_27_HUM_1,reject,
GLOB_GAVOC_01776,GLOB_27,child,
GLOB_GAVOC_01784,GLOB_27,reject,
GLOB_GAVOC_01784,GLOB_27_HUM_1,reject,
GLOB_GAVOC_01784,GLOB_27_HUM_2,reject,
GLOB_GAVOC_01784,GLOB_27_HUM_3,match,
GLOB_GAVOC_01788,NR_244,match,
GLOB_GAVOC_01790,GLOB_RT_6,reject,
GLOB_GAVOC_01790,GLOB_RT_17,match,
GLOB_GAVOC_01792,GLOB_RT_130,match,
GLOB_GAVOC_01795,GLOB_RT_136,match,
GLOB_GAVOC_01799,GLOB2_1527,match,
GLOB_GAVOC_01801,GLOB_493_HUM_1,match,
GLOB_GAVOC_01801,GLOB_493,reject,
GLOB_GAVOC_01804,GLOB_28,match,
GLOB_GAVOC_01804,GLOB_235,reject,
GLOB_GAVOC_01807,GLOB2_1132,match,
GLOB_GAVOC_01813,GLOB2_E_247,match,
GLOB_GAVOC_01816,GLOB2_1236,match,
GLOB_GAVOC_01831,GLOB_798,reject,
GLOB_GAVOC_01832,GLOB_873,match,
GLOB_GAVOC_01845,GLOB2_1341,match,
GLOB_GAVOC_01849,GLOB_29,match,
GLOB_GAVOC_01853,GLOB_29,child,
GLOB_GAVOC_01854,GLOB_500,match,
GLOB_GAVOC_01861,GLOB2_E_88,reject,
GLOB_GAVOC_01863,GLOB_597,child,
GLOB_GAVOC_01867,GLOB_RT_228,match,
GLOB_GAVOC_01872,NR_85,match,
GLOB_GAVOC_01873,GLOB_NB_201,match,
GLOB_GAVOC_01875,GLOB_30,match,
GLOB_GAVOC_01876,GLOB_30,reject,
GLOB_GAVOC_01889,GLOB_501,reject,
GLOB_GAVOC_01899,GLOB_33,reject,
GLOB_GAVOC_01901,GLOB_33,match,
GLOB_GAVOC_01908,GLOB_33,reject,
GLOB_GAVOC_01927,GLOB_177,match,
GLOB_GAVOC_01927,GLOB_499,reject,
GLOB_GAVOC_01935,GLOB2_1050,reject,
GLOB_GAVOC_01935,GLOB2_1050_GEO_2,reject,
GLOB_GAVOC_01935,GLOB2_1050_HUM_1,reject,
GLOB_GAVOC_01938,GLOB_RT_15,match,
GLOB_GAVOC_01941,GLOB_RT_22,match,
GLOB_GAVOC_01943,GLOB_RT_133,match,
GLOB_GAVOC_01949,GLOB_RT_193,child,
GLOB_GAVOC_01952,GLOB_RT_247,match,
GLOB_GAVOC_01955,GLOB2_1865,match,
GLOB_GAVOC_01956,GLOB2_1050,reject,
GLOB_GAVOC_01956,GLOB2_1050_GEO_2,reject,
GLOB_GAVOC_01956,GLOB2_1050_HUM_1,reject,
GLOB_GAVOC_01956,GLOB2_1050_GEO_1,match,
GLOB_GAVOC_01961,GLOB_35,match,
GLOB_GAVOC_01968,GLOB_217,match,
GLOB_GAVOC_01972,GLOB_564,reject,
GLOB_GAVOC_01972,GLOB_564_GEO_2,match,
GLOB_GAVOC_01972,GLOB_564_GEO_1,reject,
GLOB_GAVOC_01983,GLOB_NB_105,match,
GLOB_GAVOC_01993,GLOB_779,match,
GLOB_GAVOC_02006,GLOB2_935,match,
GLOB_GAVOC_02015,GLOB_309,reject,
GLOB_GAVOC_02020,GLOB_594,match,
GLOB_GAVOC_02024,GLOB_841,reject,
GLOB_GAVOC_02032,GLOB_499,reject,
GLOB_GAVOC_02055,GLOB2_1372,child,
GLOB_GAVOC_02056,GLOB_731,child,
GLOB_GAVOC_02062,NR_28,reject,
GLOB_GAVOC_02065,GLOB_320,reject,
GLOB_GAVOC_02069,GLOB_E_23,child,
GLOB_GAVOC_02070,GLOB2_1659,child,
GLOB_GAVOC_02073,GLOB_880,match,REVIEW
GLOB_GAVOC_02073,GLOB2_1878,match,REVIEW
GLOB_GAVOC_02089,GLOB_490,match,
GLOB_GAVOC_02099,GLOB2_1827,reject,
GLOB_GAVOC_02101,GLOB_744,match,
GLOB_GAVOC_02106,GLOB2_1505,match,
GLOB_GAVOC_02117,GLOB_620,match,
GLOB_GAVOC_02119,NR_133,child,
GLOB_GAVOC_02120,GLOB_593,match,
GLOB_GAVOC_02130,GLOB2_1827,match,
GLOB_GAVOC_02135,GLOB_800,match,
GLOB_GAVOC_02135,GLOB2_E_15,reject,
GLOB_GAVOC_02141,GLOB_178,match,
GLOB_GAVOC_02149,GLOB_RT_90,match,
GLOB_GAVOC_02150,GLOB_162,match,
GLOB_GAVOC_02161,GLOB_577,match,
GLOB_GAVOC_02165,GLOB2_1764,match,
GLOB_GAVOC_02174,GLOB_RT_7,match,REVIEW DUPL?
GLOB_GAVOC_02174,GLOB_RT_88,match,
GLOB_GAVOC_02183,GLOB_NB_142,match,
GLOB_GAVOC_02185,GLOB_593,child,
GLOB_GAVOC_02195,GLOB_593,match,
GLOB_GAVOC_02201,GLOB_NB_160,match,
GLOB_GAVOC_02209,GLOB2_1603,child,
GLOB_GAVOC_02210,GLOB2_1603,match,
GLOB_GAVOC_02211,GLOB_36,match,
GLOB_GAVOC_02213,GLOB2_E_182,match,
GLOB_GAVOC_02219,GLOB_878_HUM_2,reject,
GLOB_GAVOC_02219,GLOB_878_HUM_1,match,
GLOB_GAVOC_02219,GLOB_878,reject,
GLOB_GAVOC_02233,NR_13,reject,
GLOB_GAVOC_02236,GLOB2_1862_GEO_1,match,
GLOB_GAVOC_02236,GLOB2_1862,reject,
GLOB_GAVOC_02236,GLOB2_1862_GEO_2,reject,
GLOB_GAVOC_02237,GLOB_491,match,
GLOB_GAVOC_02271,GLOB2_1464,match,
GLOB_GAVOC_02276,GLOB_172,match,
GLOB_GAVOC_02283,GLOB2_1478,match,
GLOB_GAVOC_02284,GLOB_633,match,
GLOB_GAVOC_02286,GLOB_156,match,
GLOB_GAVOC_02287,GLOB2_E_260,match,
GLOB_GAVOC_02299,GLOB_135_GEO_1,match,
GLOB_GAVOC_02305,GLOB_629,match,
GLOB_GAVOC_02305,GLOB_905,reject,
GLOB_GAVOC_02305,GLOB_905_GEO_1,reject,
GLOB_GAVOC_02305,GLOB_905_HUM_1,reject,
GLOB_GAVOC_02310,GLOB2_1029,match,
GLOB_GAVOC_02313,GLOB_799,reject,
GLOB_GAVOC_02314,GLOB2_1458,reject,
GLOB_GAVOC_02350,GLOB2_E_109,match,
GLOB_GAVOC_02360,GLOB_599,reject,
GLOB_GAVOC_02360,GLOB_599_HUM_1,match,
GLOB_GAVOC_02360,GLOB_599_HUM_2,reject,
GLOB_GAVOC_02362,GLOB_43,reject,
GLOB_GAVOC_02387,GLOB_38,match,
GLOB_GAVOC_02389,GLOB_38,child,
GLOB_GAVOC_02400,GLOB_NB_108,match,
GLOB_GAVOC_02404,GLOB_273,match,
GLOB_GAVOC_02406,GLOB_299,match,
GLOB_GAVOC_02414,GLOB_806,match,
GLOB_GAVOC_02428,GLOB_NB_64,match,
GLOB_GAVOC_02429,NR_78,match,
GLOB_GAVOC_02443,GLOB2_1416,match,
GLOB_GAVOC_02450,GLOB2_1597,reject,
GLOB_GAVOC_02450,GLOB2_1597_GEO_1,reject,
GLOB_GAVOC_02450,GLOB2_1597_HUM_1,reject,
GLOB_GAVOC_02450,GLOB2_1597_HUM_2,reject,
GLOB_GAVOC_02455,GLOB_877,match,
GLOB_GAVOC_02461,GLOB_877A,match,
GLOB_GAVOC_02461,GLOB_877,reject,
GLOB_GAVOC_02461,GLOB_877B,reject,
GLOB_GAVOC_02475,GLOB_489,child,
GLOB_GAVOC_02477,GLOB_E_6,child,
GLOB_GAVOC_02486,GLOB2_1712,match,
GLOB_GAVOC_02502,GLOB2_1475_HUM_1,match,
GLOB_GAVOC_02502,GLOB2_1475,reject,
GLOB_GAVOC_02503,GLOB2_1653,match,
GLOB_GAVOC_05849,GLOB_454,match,
GLOB_GAVOC_02504,GLOB2_1475,reject,
GLOB_GAVOC_02504,GLOB2_1475_HUM_1,match,
GLOB_GAVOC_02505,GLOB_40,reject,
GLOB_GAVOC_02507,GLOB_548,match,
GLOB_GAVOC_02508,GLOB_BN_14,match,
GLOB_GAVOC_02515,GLOB2_1880,match,
GLOB_GAVOC_02521,GLOB_40,match,
GLOB_GAVOC_02556,GLOB_E_7_HUM_2,match,
GLOB_GAVOC_02557,GLOB_567,match,
GLOB_GAVOC_02559,GLOB_599_HUM_2,reject,
GLOB_GAVOC_02559,GLOB_599_HUM_1,match,
GLOB_GAVOC_02559,GLOB_599_GEO_1,reject,
GLOB_GAVOC_02559,GLOB_599,reject,
GLOB_GAVOC_02568,GLOB_NB_132,reject,
GLOB_GAVOC_02579,GLOB_566,match,
GLOB_GAVOC_02586,GLOB_489,match,
GLOB_GAVOC_02587,GLOB_489,match,
GLOB_GAVOC_02588,GLOB_489,match,
GLOB_GAVOC_02593,NR_28,match,
GLOB_GAVOC_02595,NR_28,reject,
GLOB_GAVOC_02603,GLOB_312,match,
GLOB_GAVOC_02607,GLOB_43,match,
GLOB_GAVOC_02610,GLOB_43,child,
GLOB_GAVOC_02622,GLOB2_1050_GEO_2,match,
GLOB_GAVOC_02624,GLOB2_1050_HUM_1,match,
GLOB_GAVOC_02624,GLOB2_1050_GEO_2,reject,
GLOB_GAVOC_02624,GLOB2_1050,reject,
GLOB_GAVOC_02644,GLOB2_1403,match,
GLOB_GAVOC_02647,GLOB2_944,match,
GLOB_GAVOC_02655,GLOB_142,match,
GLOB_GAVOC_02659,GLOB_778_GEO_2,match,
GLOB_GAVOC_02659,GLOB_778_GEO_1,reject,
GLOB_GAVOC_02659,GLOB_778,reject,
GLOB_GAVOC_02682,GLOB2_1506,match,
GLOB_GAVOC_02690,GLOB_382,child,
GLOB_GAVOC_02691,GLOB_382,match,
GLOB_GAVOC_02696,GLOB2_1119,match,
GLOB_GAVOC_02700,GLOB_44,match,
GLOB_GAVOC_02701,GLOB_362,reject,
GLOB_GAVOC_02704,GLOB2_1119,match,
GLOB_GAVOC_02716,GLOB_NB_65,match,
GLOB_GAVOC_02729,GLOB_RT_165,reject,
GLOB_GAVOC_02730,GLOB_RT_165,match,
GLOB_GAVOC_02739,GLOB_45,child,REVIEW
GLOB_GAVOC_02739,GLOB_45_GEO_1,reject,
GLOB_GAVOC_02739,GLOB_45_HUM_1,reject,
GLOB_GAVOC_02740,GLOB_45,child,REVIEW
GLOB_GAVOC_02740,GLOB_45_GEO_1,reject,
GLOB_GAVOC_02740,GLOB_45_HUM_1,reject,
GLOB_GAVOC_02741,GLOB_45_GEO_1,match,
GLOB_GAVOC_02741,GLOB_45_HUM_1,reject,
GLOB_GAVOC_02741,GLOB_45,reject,
GLOB_GAVOC_02758,GLOB_55,child,
GLOB_GAVOC_02761,GLOB2_1360,child,
GLOB_GAVOC_02763,GLOB_362,reject,
GLOB_GAVOC_02776,GLOB_634,child,
GLOB_GAVOC_02804,GLOB_122,match,
GLOB_GAVOC_02829,NR_230,match,
GLOB_GAVOC_02833,GLOB_706,match,
GLOB_GAVOC_02840,GLOB_252,match,
GLOB_GAVOC_02850,GLOB2_1105,match,
GLOB_GAVOC_02856,GLOB2_1784,match,
GLOB_GAVOC_02866,GLOB2_1118,match,
GLOB_GAVOC_02901,GLOB2_1023,match,
GLOB_GAVOC_02905,GLOB_868,child,
GLOB_GAVOC_02906,GLOB_868,match,
GLOB_GAVOC_02918,NR_215,match,
GLOB_GAVOC_02927,GLOB2_E_113,reject,
GLOB_GAVOC_02963,GLOB2_1817,match,
GLOB_GAVOC_02966,GLOB_BN_97,match,
GLOB_GAVOC_02975,GLOB_BN_91,match,
GLOB_GAVOC_02979,GLOB_208,match,
GLOB_GAVOC_02994,GLOB_RT_188,match,
GLOB_GAVOC_03026,GLOB_PY_3,match,
GLOB_GAVOC_03047,GLOB_288,match,
GLOB_GAVOC_03056,GLOB2_1437,match,
GLOB_GAVOC_03075,GLOB_178,reject,
GLOB_GAVOC_03110,GLOB_RT_186,match,
GLOB_GAVOC_03115,GLOB_873,match,
GLOB_GAVOC_03122,GLOB2_1219,match,
GLOB_GAVOC_03122,GLOB2_1067,reject,
GLOB_GAVOC_03122,GLOB_E_242,reject,
GLOB_GAVOC_03126,GLOB2_1724,match,
GLOB_GAVOC_03130,GLOB_RT_266,match,
GLOB_GAVOC_03149,GLOB2_1289,match,
GLOB_GAVOC_03165,GLOB_BN_81,match,
GLOB_GAVOC_03171,GLOB_269,match,
GLOB_GAVOC_03191,GLOB2_E_41,match,
GLOB_GAVOC_03191,GLOB2_E_41_GEO_1,reject,
GLOB_GAVOC_03191,GLOB2_E_41_HUM_1,reject,
GLOB_GAVOC_03193,GLOB2_1904,match,
GLOB_GAVOC_03195,GLOB_459,reject,
GLOB_GAVOC_03196,GLOB_527,match,
GLOB_GAVOC_03202,GLOB_BN_20,match,
GLOB_GAVOC_03212,GLOB2_E_62,match,
GLOB_GAVOC_03221,GLOB2_1461,reject,
GLOB_GAVOC_03237,GLOB2_E_66,match,
GLOB_GAVOC_03239,GLOB2_E_74,reject,
GLOB_GAVOC_03240,GLOB_54_GEO_1,match,
GLOB_GAVOC_03240,GLOB_54,reject,
GLOB_GAVOC_03240,GLOB_54_HUM_1,reject,
GLOB_GAVOC_03241,GLOB_54_GEO_1,reject,
GLOB_GAVOC_03241,GLOB_54,reject,
GLOB_GAVOC_03241,GLOB_54_HUM_1,match,
GLOB_GAVOC_03243,GLOB2_E_71,match,
GLOB_GAVOC_03247,GLOB2_1067,match,
GLOB_GAVOC_03322,GLOB_50,match,
GLOB_GAVOC_03258,GLOB_785,match,
